"Date","GOOG","MSFT","MRK","IDU"
2025-02-28,172.22,396.99,92.25,101.64
2025-02-27,170.21,392.53,90.58,100.1
2025-02-26,174.7,399.73,89.38,102.15
2025-02-25,177.37,397.9,91.43,101.89
2025-02-24,181.19,404,91.27,102.27
2025-02-21,181.58,408.21,89.5,102.6
2025-02-20,186.64,416.13,87.68,102.55
2025-02-19,187.13,414.77,85.6,102.57
2025-02-18,185.8,409.64,83.29,102.15
2025-02-14,186.87,408.43,83.01,101.27
2025-02-13,187.88,410.54,84.42,101.52
2025-02-12,185.43,409.04,85.67,101.28
2025-02-11,187.07,411.44,86.54,101.42
2025-02-10,188.2,412.22,86.4,101.01
2025-02-07,187.14,409.75,87.28,99.93
2025-02-06,193.31,415.82,88.05,100.15
2025-02-05,193.3,413.29,89.67,100.28
2025-02-04,207.71,412.37,90.74,99.29
2025-02-03,202.64,410.92,99.79,100.13
2025-01-31,205.6,415.06,98.82,99.46
2025-01-30,202.63,414.99,98.95,100.15
2025-01-29,197.18,442.33,98.28,97.72
2025-01-28,197.07,447.2,97.45,97.82
2025-01-27,193.77,434.56,97.94,99.05
2025-01-24,201.9,444.06,95.55,100.85
2025-01-23,199.58,446.71,96.63,99.9
2025-01-22,200.03,446.2,95.68,99.61
2025-01-21,199.63,428.5,96.24,101.64
2025-01-17,197.55,429.03,97.92,100.14
2025-01-16,194.41,424.58,100.7,100.02
2025-01-15,196.98,426.31,100.09,97.73
2025-01-14,191.05,415.67,99.65,96.35
2025-01-13,192.29,417.19,100.98,95.33
2025-01-10,193.17,418.95,99.25,96.25
2025-01-08,195.39,424.56,99.85,96.81
2025-01-07,196.71,422.37,101.02,96.68
2025-01-06,197.96,427.85,99.72,96.81
2025-01-03,193.13,423.35,99.14,97.66
2025-01-02,190.63,418.58,99.17,96.68
2024-12-31,190.44,421.5,99.48,96.21
2024-12-30,192.69,424.83,98.37,96.3
2024-12-27,194.04,430.53,99.7,96.74
2024-12-26,197.1,438.11,99.87,97.01
2024-12-24,197.57,439.33,99.45,97.22
2024-12-23,195.99,435.25,99.37,96.68
2024-12-20,192.96,436.6,98.05,96.42
2024-12-19,189.7,437.03,99.52,95.17
2024-12-18,190.15,437.39,98.34,94.65
2024-12-17,197.12,454.46,100.06,96.91
2024-12-16,198.16,451.59,100.06,98.21
2024-12-13,191.38,447.27,102,98.93
2024-12-12,193.63,449.56,101.25,98.88
2024-12-11,196.71,448.99,99.75,99.07
2024-12-10,186.53,443.33,101,99.59
2024-12-09,177.1,446.02,103.79,100.22
2024-12-06,176.49,443.57,103.09,101.55
2024-12-05,174.31,442.62,103.55,102.79
2024-12-04,176.09,437.42,101.37,102.57
2024-12-03,173.02,431.2,101.85,102.62
2024-12-02,172.98,430.98,100.61,103.41
2024-11-29,170.49,423.46,101.64,105.57
2024-11-27,170.82,422.99,103.12,105.52
2024-11-26,170.62,427.99,101.62,105.49
2024-11-25,169.43,418.79,101.16,104.01
2024-11-22,166.57,417,99.18,103.64
2024-11-21,169.24,412.87,99.86,104.03
2024-11-20,177.33,415.49,97.44,102.31
2024-11-19,179.58,417.79,96.54,102.15
2024-11-18,176.8,415.76,96.56,101.62
2024-11-15,173.89,415,96.31,100.82
2024-11-14,177.35,426.89,98.36,99.56
2024-11-13,180.49,425.2,98.5,100.19
2024-11-12,183.32,423.03,98.58,100.23
2024-11-11,181.97,418.01,100.73,101.27
2024-11-08,179.86,422.54,102.92,100.93
2024-11-07,182.28,425.43,101.17,99.19
2024-11-06,178.33,420.18,100.73,99
2024-11-05,171.41,411.46,101.65,99.65
2024-11-04,170.68,408.46,101.87,98.12
2024-11-01,172.65,410.37,101.88,99.15
2024-10-31,172.69,406.35,102.32,101.19
2024-10-30,176.14,432.53,104.83,100.19
2024-10-29,171.14,431.95,103.73,100.69
2024-10-28,168.34,426.59,104.23,102.25
2024-10-25,166.99,428.15,103.98,101.57
2024-10-24,164.53,424.73,105.88,103.01
2024-10-23,164.48,424.6,106.38,103.78
2024-10-22,166.82,427.51,106.64,102.88
2024-10-21,165.8,418.78,106.34,103.26
2024-10-18,165.05,418.16,108.7,103.61
2024-10-17,164.51,416.72,109.75,103.1
2024-10-16,166.74,416.12,110.42,103.94
2024-10-15,166.9,418.74,111.53,102.16
2024-10-14,166.35,419.14,109.69,101.74
2024-10-11,164.52,416.32,109.73,100.42
2024-10-10,163.18,415.84,109.4,99.67
2024-10-09,163.06,417.46,110.27,99.91
2024-10-08,165.7,414.71,108.52,100.51
2024-10-07,164.39,409.54,108.59,100.41
2024-10-04,168.56,416.06,109.77,102.51
2024-10-03,167.21,416.54,110.18,102.81
2024-10-02,167.31,417.13,112.08,102.77
2024-10-01,168.42,420.69,114.74,102.75
2024-09-30,167.19,430.3,113.56,102.02
2024-09-27,165.29,428.02,113.69,101.45
2024-09-26,163.83,431.31,113.09,100.65
2024-09-25,162.99,432.11,114.73,101.41
2024-09-24,163.64,429.17,114.96,101.56
2024-09-23,163.07,433.51,115.63,102.21
2024-09-20,164.64,435.27,117.17,101.2
2024-09-19,163.24,438.69,117.23,98.87
2024-09-18,160.81,430.81,118.64,99.24
2024-09-17,160.28,435.15,118.29,100.02
2024-09-16,158.99,431.34,117.96,100.32
2024-09-13,158.37,430.59,115.86,99.62
2024-09-12,155.54,427,115.25,98.35
2024-09-11,152.15,423.04,114.71,98.07
2024-09-10,150.01,414.2,115.33,97.91
2024-09-09,149.54,405.72,115.41,97.48
2024-09-06,152.13,401.7,117.84,96.51
2024-09-05,158.6,408.39,118.59,97.44
2024-09-04,157.81,408.9,115.8,97.74
2024-09-03,158.61,409.44,116.58,97.01
2024-08-30,165.11,417.14,118.45,97.26
2024-08-29,163.4,413.12,117.46,96.54
2024-08-28,164.5,410.6,117.4,96.08
2024-08-27,166.38,413.84,116.5,96.041
2024-08-26,167.93,413.49,116.27,96.72
2024-08-23,167.43,416.79,116.6,96.2
2024-08-22,165.49,415.55,116.55,95.99
2024-08-21,167.63,424.14,116.03,96.05
2024-08-20,168.96,424.8,115.14,95.42
2024-08-19,168.4,421.53,114.42,95.57
2024-08-16,164.74,418.47,113.67,94.89
2024-08-15,163.17,421.03,113.31,94.63
2024-08-14,162.03,416.86,113.58,94.56
2024-08-13,165.93,414.01,114.39,94.5
2024-08-12,163.95,406.81,113.48,94
2024-08-09,165.39,406.02,114.55,93.85
2024-08-08,163.84,402.69,113.92,93.7
2024-08-07,160.75,398.43,112.49,93.56
2024-08-06,160.54,399.61,111.15,92.94
2024-08-05,160.64,395.15,112.31,92.16
2024-08-02,168.4,408.49,115.2,94.68
2024-08-01,172.45,417.11,113.82,94.49
2024-07-31,173.15,418.35,113.13,92.82
2024-07-30,171.86,422.92,115.25,91.68
2024-07-29,171.13,426.73,127.78,91.2
2024-07-26,168.68,425.27,125.26,90.82
2024-07-25,169.16,418.4,125.85,90.07
2024-07-24,174.37,428.9,125.92,91.415
2024-07-23,183.6,444.85,124.38,90.52
2024-07-22,183.35,442.94,125.69,91.26
2024-07-19,179.39,437.11,125.77,90.52
2024-07-18,179.22,440.37,124.25,90.48
2024-07-17,182.62,443.52,125.89,90.64
2024-07-16,185.5,449.52,125.44,90.52
2024-07-15,188.19,453.96,128.12,89.65
2024-07-12,186.78,453.55,127.76,91.49
2024-07-11,187.3,454.7,128.97,90.8
2024-07-10,192.66,466.25,127.3,89.28
2024-07-09,190.44,459.54,126.04,88.51
2024-07-08,190.48,466.24,125.78,88.23
2024-07-05,191.96,467.56,126.45,88.16
2024-07-03,187.39,460.77,125.85,88.05
2024-07-02,186.61,459.28,127.72,87.51
2024-07-01,184.49,456.73,127.9,87.2
2024-06-28,183.42,446.95,123.8,87.88
2024-06-27,186.86,452.85,129.82,88.74
2024-06-26,185.37,452.16,131.5,88.63
2024-06-25,185.58,450.95,132.92,88.82
2024-06-24,180.79,447.67,132.96,89.67
2024-06-21,180.26,449.78,130.72,88.46
2024-06-20,177.71,445.7,129.67,88.94
2024-06-18,176.45,446.34,127.99,88.22
2024-06-17,178.78,448.37,127.5,88.19
2024-06-14,178.37,442.57,129.48,88.84
2024-06-13,176.74,441.58,129.37,88.94
2024-06-12,179.56,441.06,130.2,88.76
2024-06-11,178.19,432.68,131.84,89.37
2024-06-10,176.63,427.87,131.49,90.25
2024-06-07,175.95,423.85,130.67,89.17
2024-06-06,178.35,424.52,130.52,90.09
2024-06-05,177.07,424.01,129.45,91.06
2024-06-04,175.13,416.07,128.71,91.51
2024-06-03,174.42,413.52,128.42,91.49
2024-05-31,173.96,415.13,125.54,92.53
2024-05-30,173.56,414.67,124.53,90.99
2024-05-29,177.4,429.17,125.9,89.71
2024-05-28,178.02,430.32,126.09,90.98
2024-05-24,176.33,430.16,129.49,91.2
2024-05-23,175.06,427,131.09,90.3
2024-05-22,178,430.52,131.1,91.78
2024-05-21,179.54,429.04,130.76,92.63
2024-05-20,178.46,425.34,130.99,91.94
2024-05-17,177.29,420.21,131.19,92.2
2024-05-16,175.43,420.99,130.88,92.08
2024-05-15,173.88,423.08,131.73,92.32
2024-05-14,171.93,416.56,128.66,91.17
2024-05-13,170.9,413.72,129.29,91.01
2024-05-10,170.29,414.74,130.06,90.96
2024-05-09,171.58,412.32,130.23,91.05
2024-05-08,171.16,410.54,129.55,89.79
2024-05-07,172.98,409.34,130.38,89.03
2024-05-06,169.83,413.54,127.57,88.16
2024-05-03,168.99,406.66,127.51,87.65
2024-05-02,168.46,397.84,128.26,86.89
2024-05-01,165.57,394.94,128.8,86.45
2024-04-30,164.64,389.33,129.22,85.63
2024-04-29,167.9,402.25,130.12,86.18
2024-04-26,173.69,406.32,131.2,85.0303
2024-04-25,157.95,399.04,130.72,85.9
2024-04-24,161.1,409.06,127,85.58
2024-04-23,159.92,407.57,126.88,85.11
2024-04-22,157.95,400.96,126.94,84.69
2024-04-19,155.72,399.12,125.78,83.87
2024-04-18,157.46,404.27,125.23,82.72
2024-04-17,156.88,411.84,125.37,82.37
2024-04-16,156,414.58,125.06,80.91
2024-04-15,156.33,413.64,126.19,81.88
2024-04-12,159.19,421.9,125.74,82.5862
2024-04-11,160.79,427.93,126.15,83.23
2024-04-10,157.66,423.26,126.75,83.5
2024-04-09,158.14,426.28,126.71,84.6197
2024-04-08,156.14,424.59,126.56,84.4
2024-04-05,153.94,425.52,127.99,83.92
2024-04-04,151.94,417.88,127.66,83.59
2024-04-03,156.37,420.45,129.9,83.92
2024-04-02,155.87,421.44,130.35,84.13
2024-04-01,156.5,424.57,130.99,84.15
2024-03-28,152.26,420.72,131.95,84.52
2024-03-27,151.94,421.43,131.75,84.01
2024-03-26,151.7,421.65,125.52,81.99
2024-03-25,151.15,422.86,125.31,82.7973
2024-03-22,151.77,428.74,123.85,82.44
2024-03-21,148.74,429.37,123.62,82.38
2024-03-20,149.68,425.23,123.85,82.91
2024-03-19,147.92,421.41,122.2,82.69
2024-03-18,148.48,417.32,121.44,81.98
2024-03-15,142.17,416.42,121.52,81.59
2024-03-14,144.34,425.22,120.51,81.48
2024-03-13,140.77,415.1,122.16,82.04
2024-03-12,139.62,415.28,122.66,81.55
2024-03-11,138.94,404.52,122.77,82.13
2024-03-08,136.29,406.22,123.5,81.81
2024-03-07,135.24,409.14,123.99,81.71
2024-03-06,132.56,402.09,123.75,81.16
2024-03-05,133.78,402.65,122.83,80.42
2024-03-04,134.2,414.92,124.05,80.5479
2024-03-01,138.08,415.5,126.96,79.31
2024-02-29,139.78,413.64,127.15,79.76
2024-02-28,137.43,407.72,128.19,79.71
2024-02-27,140.1,407.48,129.03,79.47
2024-02-26,138.75,407.54,128.84,78.1866
2024-02-23,145.29,410.34,129.45,79.54
2024-02-22,145.32,411.65,129.26,79.0598
2024-02-21,143.84,402.18,128.12,79.39
2024-02-20,142.2,402.79,127.37,78.4189
2024-02-16,141.76,404.06,127.79,78.51
2024-02-15,143.94,406.56,126.54,78.52
2024-02-14,147.14,409.49,125.82,77.34
2024-02-13,146.37,406.32,125.43,76.87
2024-02-12,148.73,415.26,125.34,77.68
2024-02-09,150.22,420.55,125.45,76.92
2024-02-08,147.22,414.11,126.61,76.63
2024-02-07,146.68,414.05,127.47,77.15
2024-02-06,145.41,405.49,126.88,77.04
2024-02-05,144.93,405.65,126.18,76.76
2024-02-02,143.54,411.22,126.41,78.22
2024-02-01,142.71,403.78,126.38,79.41
2024-01-31,141.8,397.58,120.78,77.89
2024-01-30,153.05,408.59,121.66,78.19
2024-01-29,154.84,409.72,121.28,78.1284
2024-01-26,153.79,403.93,120.82,77.72
2024-01-25,153.64,404.87,120.13,77.46
2024-01-24,150.35,402.56,118.88,76.16
2024-01-23,148.68,398.9,119.84,77.2079
2024-01-22,147.71,396.51,119.43,77.09
2024-01-19,147.97,398.67,118.89,77.32
2024-01-18,144.99,393.87,118.54,77.32
2024-01-17,142.89,389.47,118.13,77.93
2024-01-16,144.08,390.27,118.49,78.96
2024-01-12,144.24,388.47,118.63,79.8238
2024-01-11,143.67,384.63,118.43,79.34
2024-01-10,143.8,382.77,118.86,80.97
2024-01-09,142.56,375.79,118.43,80.99
2024-01-08,140.53,374.69,117.38,81.55
2024-01-05,137.39,367.75,117.22,81.03
2024-01-04,138.04,367.94,117.01,80.76
2024-01-03,140.36,370.6,114.77,81.01
2024-01-02,139.56,370.87,113.24,80.8
2023-12-29,140.93,376.04,109.02,79.93
2023-12-28,141.28,375.28,108.77,79.93
2023-12-27,141.44,374.07,107.98,79.39
2023-12-26,142.82,374.66,107.63,79.5
2023-12-22,142.72,374.58,107.7,78.99
2023-12-21,141.8,373.54,106.39,78.71
2023-12-20,139.66,370.62,105.36,78.52
2023-12-19,138.1,373.26,106.49,80.61
2023-12-18,137.19,372.65,106.04,80.22
2023-12-15,133.84,370.73,105.11,80.25
2023-12-14,133.2,365.93,105.88,81.61
2023-12-13,133.97,374.37,107.11,82.51
2023-12-12,133.64,374.38,104.36,79.77
2023-12-11,134.7,371.3,104.37,79.95
2023-12-08,136.64,374.23,103.75,79.44
2023-12-07,138.45,370.95,103.88,79.5928
2023-12-06,131.43,368.8,105.63,79.72
2023-12-05,132.39,372.52,106.23,78.78
2023-12-04,130.63,369.14,105.06,79.41
2023-12-01,133.32,374.51,103.46,79.6
2023-11-30,133.92,378.91,102.48,78.56
2023-11-29,136.4,378.85,101.13,78.1201
2023-11-28,138.62,382.7,100.18,78.68
2023-11-27,138.05,378.61,101.43,78.49
2023-11-24,138.22,377.43,101.87,78.3622
2023-11-22,140.02,377.85,101.68,78.26
2023-11-21,138.62,373.07,102.21,77.88
2023-11-20,137.92,377.44,102.68,77.7215
2023-11-17,136.94,369.85,101.75,77.92
2023-11-16,138.7,376.17,101.99,77.8
2023-11-15,136.38,369.67,101.35,77.43
2023-11-14,135.43,370.27,102.17,77.64
2023-11-13,133.64,366.68,102.47,74.9
2023-11-10,134.06,369.67,101.39,75.6405
2023-11-09,131.69,360.69,102.38,75.3284
2023-11-08,133.26,363.2,104.4,76.13
2023-11-07,132.4,360.53,104,76.68
2023-11-06,131.45,356.53,104.34,77.19
2023-11-03,130.37,352.8,103.38,77.29
2023-11-02,128.58,348.32,102.85,76.83
2023-11-01,127.57,346.07,102.85,75.3
2023-10-31,125.3,338.11,102.7,74.55
2023-10-30,125.75,337.31,102.68,73.912
2023-10-27,123.4,329.81,102.82,73.35
2023-10-26,123.44,327.89,105.55,74.68
2023-10-25,126.67,340.67,103.63,74.22
2023-10-24,140.12,330.53,103.03,73.61
2023-10-23,137.9,329.32,103.35,71.98
2023-10-20,136.74,326.67,102.67,72.52
2023-10-19,138.98,331.32,100.43,73.31
2023-10-18,139.28,330.11,101.99,74.0399
2023-10-17,140.99,332.06,104.17,74.75
2023-10-16,140.49,332.64,104.14,74.82
2023-10-13,138.58,327.73,104.01,74.02
2023-10-12,140.29,331.16,103.59,73.2215
2023-10-11,141.7,332.42,103.46,74.34
2023-10-10,139.2,328.39,103.61,73.31
2023-10-09,139.5,329.82,104.5,72.38
2023-10-06,138.73,327.26,103.88,71.68
2023-10-05,135.99,319.36,103.6,70.7947
2023-10-04,136.27,318.955,102.17,71.08
2023-10-03,133.3,313.39,101.77,71.05
2023-10-02,135.17,321.8,102.55,70.39
2023-09-29,131.85,315.75,102.95,73.58
2023-09-28,133.13,313.64,104.3,73.46
2023-09-27,131.46,312.79,103.94,74.89
2023-09-26,129.45,312.14,105.39,76.25
2023-09-25,132.17,317.54,105.84,79.08
2023-09-22,131.25,317.01,106.34,79.19
2023-09-21,131.36,319.53,106.73,79.35
2023-09-20,134.59,320.77,107.31,80.24
2023-09-19,138.83,328.65,107.36,80.17
2023-09-18,138.96,329.06,107.82,80.5532
2023-09-15,138.3,330.22,107.52,80.65
2023-09-14,138.99,338.7,108.24,80.99
2023-09-13,137.5,336.06,107.81,79.88
2023-09-12,136.07,331.77,109.02,79.03
2023-09-11,137.74,337.94,108.6,78.7683
2023-09-08,137.2,334.27,109.05,78.51
2023-09-07,136.2,329.91,107.94,77.8928
2023-09-06,135.37,332.88,106.49,76.96
2023-09-05,136.71,333.55,107.51,76.83
2023-09-01,136.8,328.66,109.84,77.94
2023-08-31,137.35,327.76,108.98,78.28
2023-08-30,136.93,328.79,110.21,78.94
2023-08-29,135.49,328.41,109.99,79.23
2023-08-28,131.79,323.7,108.93,78.93
2023-08-25,130.69,322.98,110.21,78.92
2023-08-24,130.42,319.97,109.45,78.35
2023-08-23,133.21,327,111.3,78.82
2023-08-22,129.69,322.46,107.23,78.52
2023-08-21,128.93,321.88,109.64,78.35
2023-08-18,128.11,316.48,109.2,78.78
2023-08-17,130.46,316.88,108.92,78.44
2023-08-16,129.11,320.4,108.73,78.72
2023-08-15,130.27,321.86,108.66,78.4
2023-08-14,131.83,324.04,108.91,79.73
2023-08-11,130.17,321.01,107.44,80.36
2023-08-10,130.21,322.93,105.57,79.995
2023-08-09,130.15,322.23,106.1,80.3
2023-08-08,131.84,326.05,106.41,80.02
2023-08-07,131.94,330.11,106.09,79.75
2023-08-04,128.54,327.78,105,79.685
2023-08-03,128.77,326.66,105.73,80.6
2023-08-02,128.64,327.5,105.7,82.4282
2023-08-01,131.89,336.34,105.28,82.37
2023-07-31,133.11,335.92,106.65,83.28
2023-07-28,133.01,338.37,106.34,83.23
2023-07-27,129.87,330.72,105.27,83.41
2023-07-26,129.66,337.77,107.14,84.83
2023-07-25,122.79,350.98,107.53,85.08
2023-07-24,121.88,345.11,108.79,84.97
2023-07-21,120.31,343.77,110.39,85.2625
2023-07-20,119.53,346.87,108.46,84.1
2023-07-19,122.78,355.08,105.95,82.54
2023-07-18,124.08,359.49,105.95,81.74
2023-07-17,125.06,345.73,105.57,82.32
2023-07-14,125.7,345.24,107.34,83.09
2023-07-13,124.83,342.66,106.32,83.45
2023-07-12,119.62,337.2,107.47,83.199
2023-07-11,117.71,332.47,108.7,82.16
2023-07-10,116.87,331.83,109.96,81.28
2023-07-07,120.14,337.22,109,81.54
2023-07-06,120.93,341.27,111.75,82.11
2023-07-05,122.63,338.15,113.7,83.05
2023-07-03,120.56,337.99,114.33,82.19
2023-06-30,120.97,340.54,115.39,81.75
2023-06-29,120.01,335.05,113.54,80.8
2023-06-28,121.08,335.85,112.44,80.7
2023-06-27,119.01,334.57,113.32,81.84
2023-06-26,119.09,328.6,113.08,81.66
2023-06-23,123.02,335.02,114.6,80.9
2023-06-22,123.87,339.71,113.72,82.0273
2023-06-21,121.26,333.56,111.16,82.59
2023-06-20,123.85,338.05,110.23,81.98
2023-06-16,124.06,342.33,109.32,82.85
2023-06-15,125.79,348.1,109.4,82.43
2023-06-14,124.38,337.34,108.66,81.59
2023-06-13,124.43,334.29,109.99,81.65
2023-06-12,124.35,331.85,109.86,81.78
2023-06-09,122.87,326.79,110.71,81.83
2023-06-08,122.67,325.26,110.32,82.27
2023-06-07,122.94,323.38,108.61,81.95
2023-06-06,127.91,333.68,110.01,81.13
2023-06-05,126.63,335.94,113.11,81.15
2023-06-02,125.23,335.4,112.52,80.9
2023-06-01,124.37,332.58,110.93,80.01
2023-05-31,123.37,328.39,110.41,80.41
2023-05-30,124.64,331.21,109.17,79.7822
2023-05-26,125.43,332.89,111.07,80.02
2023-05-25,124.35,325.92,112.3,80.03
2023-05-24,121.64,313.85,113.6,81.07
2023-05-23,123.29,315.26,113.27,81.6
2023-05-22,125.87,321.18,114.49,81.8654
2023-05-19,123.25,318.34,115.49,81.81
2023-05-18,123.52,318.52,114,81.9383
2023-05-17,121.48,314,114.76,82.27
2023-05-16,120.09,311.74,116.08,82.51
2023-05-15,116.96,309.46,116.37,84.26
2023-05-12,117.92,308.97,117.14,85.25
2023-05-11,116.9,310.11,117.55,84.84
2023-05-10,112.28,312.31,117.9,85.74
2023-05-09,107.94,307,117.43,84.91
2023-05-08,108.24,308.65,118.38,85.02
2023-05-05,106.215,310.65,117.68,85.1996
2023-05-04,105.21,305.41,117.37,84.65
2023-05-03,106.12,304.4,118.22,84.18
2023-05-02,105.98,305.41,117.89,84.42
2023-05-01,107.71,305.56,116.34,85.3682
2023-04-28,108.22,307.26,115.47,85.22
2023-04-27,108.37,304.83,115.16,85.11
2023-04-26,104.45,295.37,113.43,84.19
2023-04-25,104.61,275.42,116.53,86.14
2023-04-24,106.78,281.77,115.94,86.19
2023-04-21,105.91,285.76,115.37,85.81
2023-04-20,105.9,286.11,114.17,85.63
2023-04-19,105.02,288.45,114.13,85.61
2023-04-18,105.12,288.37,114.83,85.04
2023-04-17,106.42,288.8,115.01,85.45
2023-04-14,109.46,286.14,115.31,85.01
2023-04-13,108.19,289.84,115.58,85.91
2023-04-12,105.22,283.49,113.75,85.85
2023-04-11,106.12,282.83,112.49,85.9
2023-04-10,106.95,289.39,112.61,85.73
2023-04-06,108.9,291.6,112.33,85.89
2023-04-05,104.95,284.34,111.91,85.32
2023-04-04,105.12,287.18,108.83,83.48
2023-04-03,104.91,287.23,108.87,83.13
2023-03-31,104,288.3,106.39,83.71
2023-03-30,101.32,284.05,105.92,83.03
2023-03-29,101.9,280.51,104.92,82.46
2023-03-28,101.36,275.23,105.53,81.33
2023-03-27,103.06,276.38,106.93,81.02
2023-03-24,106.06,280.57,104.8,80.99
2023-03-23,106.26,277.66,104.23,78.7556
2023-03-22,104.22,272.29,104.4,80.02
2023-03-21,105.84,273.78,105.54,81.64
2023-03-20,101.93,272.23,105.85,83.08
2023-03-17,102.46,279.43,104.1,82.38
2023-03-16,101.07,276.2,107.34,83.3
2023-03-15,96.55,265.44,107.63,82.71
2023-03-14,94.25,260.79,106.97,81.81
2023-03-13,91.66,253.92,105.73,80.65
2023-03-10,91.01,248.59,107.69,79.47
2023-03-09,92.66,252.32,107.6,80.81
2023-03-08,94.65,253.7,108.28,81.4
2023-03-07,94.17,254.15,111.27,80.83
2023-03-06,95.58,256.87,111.1,82.03
2023-03-03,94.02,255.29,106.88,81.61
2023-03-02,92.31,251.11,107.01,80.37
2023-03-01,90.51,246.27,106.65,79.04
2023-02-28,90.3,249.42,106.24,80.31
2023-02-27,90.1,250.16,109.36,81.55
2023-02-24,89.35,249.22,109.89,82.04
2023-02-23,91.07,254.77,110.59,82.13
2023-02-22,91.8,251.51,109.16,82.5403
2023-02-21,92.05,252.67,109.07,82.86
2023-02-17,94.59,258.06,109.52,84.44
2023-02-16,95.78,262.15,106.51,83.54
2023-02-15,97.1,269.32,107.68,84
2023-02-14,94.95,272.17,108.74,83.45
2023-02-13,95,271.32,109.55,83.86
2023-02-10,94.86,263.1,108.57,83.44
2023-02-09,95.46,263.62,106.72,81.93
2023-02-08,100,266.73,106.64,82.92
2023-02-07,108.04,267.56,105.68,84.25
2023-02-06,103.47,256.77,104.03,84.35
2023-02-03,105.22,258.35,102.94,83.69
2023-02-02,108.8,264.6,103.46,85.23
2023-02-01,101.43,252.75,106.98,85.19
2023-01-31,99.87,247.81,107.41,84.99
2023-01-30,97.95,242.71,106.09,84.34
2023-01-27,100.71,248.16,105.38,84.65
2023-01-26,99.16,248,106.87,84.65
2023-01-25,96.73,240.61,108.59,84.45
2023-01-24,99.21,242.04,108.52,85.42
2023-01-23,101.21,242.58,109.88,85.0248
2023-01-20,99.28,240.22,109.94,84.95
2023-01-19,93.91,231.93,109.9,84.4465
2023-01-18,91.78,235.81,108.79,85.2671
2023-01-17,92.16,240.35,110.45,87.29
2023-01-13,92.8,239.23,112.25,87.42
2023-01-12,91.91,238.51,111.77,87.7
2023-01-11,92.26,235.77,111.07,88.37
2023-01-10,89.24,228.85,110.81,87.49
2023-01-09,88.8,227.12,110.38,87.64
2023-01-06,88.16,224.93,114.84,87.13
2023-01-05,86.77,222.31,113.64,85.35
2023-01-04,88.71,229.1,112.08,87.31
2023-01-03,89.7,239.58,111.14,86.5005
2022-12-30,88.73,239.82,110.95,86.54
2022-12-29,88.95,241.01,110.82,87.38
2022-12-28,86.46,234.53,111.08,86.74
2022-12-27,87.93,236.96,112.12,87.64
2022-12-23,89.81,238.73,111.86,87.17
2022-12-22,88.26,238.19,111.24,86.22
2022-12-21,90.25,244.43,111.11,86.86
2022-12-20,89.63,241.8,109.71,85.69
2022-12-19,89.15,240.45,109.44,85.67
2022-12-16,90.86,244.69,109.2,86.16
2022-12-15,91.2,249.01,109.63,87.59
2022-12-14,95.31,257.22,111.55,88.82
2022-12-13,95.85,256.92,110.91,88.8697
2022-12-12,93.56,252.51,108.97,89.16
2022-12-09,93.07,245.42,108.78,87.4
2022-12-08,93.95,247.4,110.85,87.77
2022-12-07,95.15,244.37,110.09,87.27
2022-12-06,97.31,245.12,108.93,87.66
2022-12-05,99.87,250.2,110.01,87.4114
2022-12-02,100.83,255.02,110.04,87.9
2022-12-01,101.28,254.69,109.8,88.18
2022-11-30,101.45,255.14,110.12,88.24
2022-11-29,95.44,240.33,108.84,86.13
2022-11-28,96.25,241.76,108.45,86.6889
2022-11-25,97.6,247.49,107.5,87.4864
2022-11-23,98.82,247.58,106.82,87.04
2022-11-22,97.33,245.03,106.9,86.16
2022-11-21,95.83,242.05,105.61,85.46
2022-11-18,97.8,241.22,104.23,84.99
2022-11-17,98.5,241.68,102.31,83.33
2022-11-16,98.99,241.73,99.93,84.67
2022-11-15,98.72,241.97,99.6,83.9
2022-11-14,96.03,241.55,100.35,83.12
2022-11-11,96.73,247.11,97.96,84.0622
2022-11-10,94.17,242.98,101.89,85.03
2022-11-09,87.4,224.51,101.59,81.34
2022-11-08,88.91,228.87,101.5,82.06
2022-11-07,88.65,227.87,100.07,81.34
2022-11-04,86.7,221.39,99.2,82.64
2022-11-03,83.49,214.25,98.75,82.31
2022-11-02,87.07,220.1,99.4,81.86
2022-11-01,90.5,228.17,99.76,82.71
2022-10-31,94.66,232.13,101.2,82.51
2022-10-28,96.58,235.87,100.77,83.08
2022-10-27,92.6,226.75,99.74,81.12
2022-10-26,94.82,231.32,98.41,80.64
2022-10-25,104.93,250.66,97.71,80.78
2022-10-24,102.97,247.25,97.37,79.2
2022-10-21,101.48,242.12,95.67,78.56
2022-10-20,100.53,236.15,92.94,77.22
2022-10-19,100.29,236.48,93.26,79.16
2022-10-18,101.39,238.5,94.61,80.06
2022-10-17,100.78,237.53,94.12,78.66
2022-10-14,97.18,228.56,92.18,77
2022-10-13,99.71,234.24,92.49,78.22
2022-10-12,98.3,225.75,90.42,76.38
2022-10-11,98.05,225.41,91.05,78.83
2022-10-10,98.71,229.25,90.48,78.99
2022-10-07,99.57,234.24,87.6,78.93
2022-10-06,102.24,246.79,87.44,80.68
2022-10-05,102.22,249.2,88.39,83.42
2022-10-04,102.41,248.88,88.39,85.24
2022-10-03,99.3,240.74,87.55,83.5
2022-09-30,96.15,232.9,86.12,81.13
2022-09-29,98.09,237.5,86.64,82.56
2022-09-28,100.74,241.07,86.78,85.79
2022-09-27,98.09,236.41,85.84,84.81
2022-09-26,98.81,237.45,86.18,86.25
2022-09-23,99.17,237.92,86.78,88.74
2022-09-22,100.57,240.98,87.51,89.86
2022-09-21,100.01,238.95,84.53,90.33
2022-09-20,101.83,242.45,86,91.54
2022-09-19,103.85,244.52,86.64,92.83
2022-09-16,103.63,244.74,87.72,91.67
2022-09-15,103.9,245.38,86.75,92.03
2022-09-14,105.87,252.22,86.95,94.12
2022-09-13,105.31,251.99,86.28,93.34
2022-09-12,111.87,266.65,88.16,95.89
2022-09-09,111.78,264.46,87.34,95.06
2022-09-08,109.42,258.52,87.42,94.73
2022-09-07,110.48,258.09,86.87,94.7
2022-09-06,107.48,253.25,86.42,91.9
2022-09-02,108.68,256.06,86.23,91.72
2022-09-01,110.55,260.4,87.15,92.62
2022-08-31,109.15,261.47,85.36,91.46
2022-08-30,109.91,262.97,86.88,92.02
2022-08-29,110.34,265.23,87.59,93.33
2022-08-26,111.3,268.09,89.26,93.04
2022-08-25,117.7,278.85,90.27,94.54
2022-08-24,114.7,275.79,90.01,93.93
2022-08-23,114.77,276.44,90.2,93.57
2022-08-22,115.07,277.75,91.16,94.06
2022-08-19,118.12,286.15,92.08,95.35
2022-08-18,120.86,290.17,91.4,95.5
2022-08-17,120.32,291.32,91.04,95.25
2022-08-16,122.51,292.71,90.59,95.4
2022-08-15,122.88,293.47,90.6,95.11
2022-08-12,122.65,291.91,91.02,94.33
2022-08-11,119.82,287.02,88.93,92.81
2022-08-10,120.65,289.16,89.19,92.75
2022-08-09,117.5,282.3,89.52,92.3
2022-08-08,118.14,280.32,88.49,91.43
2022-08-05,118.22,282.91,87.41,91.18
2022-08-04,118.87,283.65,86.82,91.43
2022-08-03,118.78,282.47,87.62,91.24
2022-08-02,115.9,274.82,87.61,90.63
2022-08-01,115.48,278.01,88.53,90.77
2022-07-29,116.64,280.74,89.34,90.79
2022-07-28,114.59,276.41,89.94,89.98
2022-07-27,113.6,268.74,91.23,86.91
2022-07-26,105.44,251.9,91.29,86.57
2022-07-25,108.21,258.83,90.53,86.17
2022-07-22,108.36,260.36,90.11,85.15
2022-07-21,115.04,264.84,90.14,84.17
2022-07-20,114.7,262.27,89.65,83.93
2022-07-19,114.62,259.53,92.36,84.81
2022-07-18,109.91,254.25,92.34,84.15
2022-07-15,112.767,256.72,94.96,85.2103
2022-07-14,111.44,254.08,93.88,85.04
2022-07-13,112.187,252.72,93.77,85
2022-07-12,114.8495,253.67,93.6,85.38
2022-07-11,116.5225,264.51,94.3,85.75
2022-07-08,120.1685,267.66,92.78,85.34
2022-07-07,119.306,268.4,93.01,85.64
2022-07-06,115.2135,266.21,93.13,85.62
2022-07-05,113.887,262.85,92.64,84.74
2022-07-01,109.081,259.58,92.42,87.74
2022-06-30,109.3725,256.83,91.17,85.6
2022-06-29,112.2565,260.26,92.51,84.69
2022-06-28,112.5715,256.48,91.89,84.7
2022-06-27,116.6225,264.89,94.41,85.05
2022-06-24,118.538,267.7,93.13,84.32
2022-06-23,112.6845,258.86,92,82.92
2022-06-22,112.034,253.13,89.16,81.1
2022-06-21,112.015,253.74,88.03,80.37
2022-06-17,107.8655,247.65,84.62,78.85
2022-06-16,106.636,244.97,84.89,79.54
2022-06-15,110.3905,251.76,84.63,81.16
2022-06-14,107.194,244.49,84.5,80.63
2022-06-13,106.8765,242.26,85,82.68
2022-06-10,111.4275,252.99,87.18,86.64
2022-06-09,114.918,264.79,88,87.42
2022-06-08,117.238,270.41,89.48,89.98
2022-06-07,117.2295,272.5,90.48,91.76
2022-06-06,117.0105,268.75,89.84,91.14
2022-06-03,114.564,270.02,89.91,90.9377
2022-06-02,117.746,274.58,90,91.23
2022-06-01,114.137,272.42,91.14,90.61
2022-05-31,114.039,271.87,92.03,90.67
2022-05-27,112.799,273.24,93.08,91.9899
2022-05-26,108.296,265.9,92.31,90.44
2022-05-25,105.8395,262.52,93.75,90.21
2022-05-24,105.926,259.62,94.64,90.24
2022-05-23,111.6665,260.65,93.83,88.61
2022-05-20,109.313,252.56,93.55,87.62
2022-05-19,110.7455,253.14,92.09,87.41
2022-05-18,112.401,254.08,92.1,87.44
2022-05-17,116.7015,266.82,93,88.44
2022-05-16,114.7925,261.5,92.32,87.49
2022-05-13,116.5155,261.12,90.41,87.2
2022-05-12,113.161,255.35,90.83,86.12
2022-05-11,113.961,260.55,89.19,87.07
2022-05-10,114.5845,269.5,87.81,86.43
2022-05-09,113.084,264.58,87.64,87.58
2022-05-06,115.66,274.73,88.39,88.46
2022-05-05,116.7465,277.35,88.01,87.88
2022-05-04,122.575,289.98,88.52,88.83
2022-05-03,118.1295,281.78,87.1,86.87
2022-05-02,117.157,284.47,87.65,86.49
2022-04-29,114.9665,277.52,88.69,87.41
2022-04-28,119.4115,289.63,88.58,90.13
2022-04-27,115.0205,283.22,84.41,89.16
2022-04-26,119.506,270.22,84.48,89.35
2022-04-25,123.25,280.72,85.44,89.81
2022-04-22,119.614,274.03,84.59,90.56
2022-04-21,124.9375,280.81,86.23,92.09
2022-04-20,128.2455,286.36,86.46,93.48
2022-04-19,130.531,285.3,85.79,92.67
2022-04-18,127.961,280.52,86.07,92.06
2022-04-14,127.253,279.83,86.91,92.52
2022-04-13,130.286,287.62,86.13,92.71
2022-04-12,128.3745,282.06,85.63,92.89
2022-04-11,129.7965,285.26,86.63,92.55
2022-04-08,134.0105,296.97,87.68,93.89
2022-04-07,136.465,301.37,86.8,93.6
2022-04-06,137.176,299.5,84.97,93.61
2022-04-05,141.063,310.88,83.72,91.97
2022-04-04,143.6425,314.97,83.49,91.57
2022-04-01,140.7,309.42,83.52,92.24
2022-03-31,139.6495,308.31,82.05,91
2022-03-30,142.6445,313.86,82.4,91.11
2022-03-29,143.25,315.41,81.57,90.41
2022-03-28,141.95,310.7,81.21,89.58
2022-03-25,141.5215,303.68,81.34,89.01
2022-03-24,141.312,304.1,80.41,87.77
2022-03-23,138.5035,299.49,79.73,87.34
2022-03-22,140.2775,304.06,79.3,87.33
2022-03-21,136.4785,299.16,79.06,87.27
2022-03-18,136.8015,300.43,79.11,86.93
2022-03-17,134.6005,295.22,78.94,87.45
2022-03-16,133.6905,294.39,78.12,87.12
2022-03-15,129.6605,287.15,78.64,87.21
2022-03-14,126.741,276.44,77.78,86.06
2022-03-11,130.4755,280.07,78.26,86
2022-03-10,132.682,285.59,77.89,86.42
2022-03-09,133.866,288.5,77.79,85.78
2022-03-08,127.2785,275.85,76.95,86.21
2022-03-07,126.4645,278.91,77.73,87.59
2022-03-04,132.122,289.86,77.83,86.78
2022-03-03,134.308,295.92,77.15,84.97
2022-03-02,134.7515,300.19,76.67,83.56
2022-03-01,134.168,294.95,76.34,82.53
2022-02-28,134.891,298.79,76.58,83.14
2022-02-25,134.5195,297.31,76.32,82.7
2022-02-24,132.6735,294.59,73.51,80.27
2022-02-23,127.585,280.27,75.84,79.56
2022-02-22,129.4025,287.72,75.95,80.8
2022-02-18,130.4675,287.93,76.37,80.98
2022-02-17,132.3085,290.73,76.36,81.21
2022-02-16,137.4875,299.5,77.22,81.22
2022-02-15,136.4255,300.47,77.81,81
2022-02-14,135.3,295,76.47,81.33
2022-02-11,134.13,295.04,76.64,82
2022-02-10,138.6025,302.38,76.56,82.12
2022-02-09,141.453,311.21,76.53,84.23
2022-02-08,139.213,304.56,76.91,83.81
2022-02-07,138.938,300.95,77.58,83.68
2022-02-04,143.016,305.94,78.56,83.87
2022-02-03,142.6505,301.25,79.01,84.41
2022-02-02,148.0365,313.46,82.01,85.05
2022-02-01,137.8785,308.76,81.92,83.98
2022-01-31,135.6985,310.98,81.48,85.01
2022-01-28,133.2895,308.26,80.9,83.48
2022-01-27,129.121,299.84,80.58,82.37
2022-01-26,129.24,296.71,79.14,81.92
2022-01-25,126.7355,288.49,79.46,82.6
2022-01-24,130.372,296.37,78.83,83.78
2022-01-21,130.092,296.03,79.98,84.56
2022-01-20,133.5065,301.6,80.75,84.79
2022-01-19,135.652,303.33,81.29,84.86
2022-01-18,136.2905,302.65,81.54,84.57
2022-01-14,139.7865,310.2,81.38,85.68
2022-01-13,139.131,304.8,81.32,86.12
2022-01-12,141.648,318.27,81.2,85.89
2022-01-11,140.0175,314.98,81.67,85.57
2022-01-10,138.574,314.27,82.37,86.27
2022-01-07,137.0045,314.04,80.3,86.86
2022-01-06,137.551,313.88,78.83,86.25
2022-01-05,137.6535,316.38,78.88,87.02
2022-01-04,144.4165,329.01,77.01,87.4
2022-01-03,145.0745,334.75,76.87,87.48
2021-12-31,144.6795,336.32,76.64,88.43
2021-12-30,146.0025,339.32,77.14,88.04
2021-12-29,146.5045,341.95,76.95,87.83
2021-12-28,146.448,341.25,76.81,87.31
2021-12-27,148.064,342.45,76.57,86.58
2021-12-23,147.1425,334.69,75.73,86.16
2021-12-22,146.949,333.2,76.16,86.11
2021-12-21,144.2205,327.29,75.54,85.73
2021-12-20,142.4015,319.91,76.41,85.69
2021-12-17,142.803,323.8,75.69,85.81
2021-12-16,144.8385,324.9,75.91,87.12
2021-12-15,147.3685,334.65,75.29,86.67
2021-12-14,144.9705,328.34,73.72,85.31
2021-12-13,146.7045,339.4,73.42,85.95
2021-12-10,148.675,342.54,72.62,85.58
2021-12-09,148.106,333.1,72.86,85.16
2021-12-08,148.7205,334.97,73.21,85.4
2021-12-07,148.0365,334.92,72.28,85.42
2021-12-06,143.7965,326.19,73.42,84.79
2021-12-03,142.5205,323.01,73.34,83.49
2021-12-02,143.7765,329.49,73.89,82.97
2021-12-01,141.618,330.08,74.44,81.79
2021-11-30,142.452,330.59,74.91,81.72
2021-11-29,146.114,336.63,74.89,84.32
2021-11-26,142.806,329.68,79.16,83.11
2021-11-24,146.7175,337.91,82.28,84.4
2021-11-23,146.757,337.68,82.8,84.36
2021-11-22,147.0785,339.83,81.64,84.25
2021-11-19,149.9525,343.11,80.7,83.81
2021-11-18,150.709,341.27,83.05,83.39
2021-11-17,149.062,339.12,82.6,83.94
2021-11-16,149.076,339.51,84.11,83.77
2021-11-15,149.388,336.07,83.69,84.07
2021-11-12,149.6455,336.72,84,83.15
2021-11-11,146.748,332.43,84.02,83.11
2021-11-10,146.626,330.8,84.01,83.54
2021-11-09,149.2485,335.95,82.72,82.83
2021-11-08,149.3515,336.99,82.68,82.45
2021-11-05,149.241,336.06,81.61,83.5
2021-11-04,148.683,336.44,90.54,82.86
2021-11-03,146.79,334,88.68,83.23
2021-11-02,145.863,333.13,89.02,83.56
2021-11-01,143.774,329.37,87.84,83.5
2021-10-29,148.2705,331.62,88.05,83.25
2021-10-28,146.129,324.35,86.55,83.5
2021-10-27,146.4275,323.17,81.54,82.93
2021-10-26,139.672,310.11,82.25,83.49
2021-10-25,138.773,308.13,81.66,83.21
2021-10-22,138.625,309.16,81.15,83.68
2021-10-21,142.7805,310.76,81.17,83.18
2021-10-20,142.415,307.41,81.07,83.09
2021-10-19,143.822,308.23,79.49,81.88
2021-10-18,142.9605,307.29,77.15,80.8975
2021-10-15,141.675,304.21,78.33,81.61
2021-10-14,141.412,302.75,78.33,81.82
2021-10-13,137.9,296.31,78.95,80.8
2021-10-12,136.713,292.88,79.59,79.89
2021-10-11,138.8475,294.23,79.93,79.32
2021-10-08,140.056,294.85,80.63,80.33
2021-10-07,139.1855,294.85,81.94,80.73
2021-10-06,137.354,293.11,80.66,80.94
2021-10-05,136.177,288.76,81.6,79.77
2021-10-04,133.765,283.11,83.1,79.85
2021-10-01,136.4625,289.1,81.4,79.02
2021-09-30,133.2655,281.92,75.11,78.94
2021-09-29,134.521,284,75.09,79.55
2021-09-28,136.184,283.52,73.32,78.65
2021-09-27,141.501,294.17,73.36,79.65
2021-09-24,142.633,299.35,73.61,80.52
2021-09-23,141.8265,299.56,73.05,81.11
2021-09-22,140.9385,298.58,72.04,81.39
2021-09-21,139.6465,294.8,71.97,81.41
2021-09-20,139.017,294.3,71.93,81.58
2021-09-17,141.4635,299.87,71.68,81.77
2021-09-16,144.3735,305.22,71.97,83.02
2021-09-15,145.206,304.82,72.81,83.64
2021-09-14,143.406,299.79,72.11,83.77
2021-09-13,143.465,296.99,73.18,84.1572
2021-09-10,141.921,295.71,73.45,84.22
2021-09-09,144.9135,297.25,73.82,85.46
2021-09-08,144.8835,300.21,75.36,85.94
2021-09-07,145.519,300.18,75.98,84.41
2021-09-03,144.775,301.14,77.26,85.54
2021-09-02,144.219,301.15,77.12,86.24
2021-09-01,145.842,301.83,76.18,85.61
2021-08-31,145.462,301.88,76.29,84.47
2021-08-30,145.4695,303.59,76.5,84.56
2021-08-27,144.5505,299.72,76.3,84.41
2021-08-26,142.123,299.09,76.57,84.38
2021-08-25,142.95,302.01,77.07,84.69
2021-08-24,142.3985,302.62,77.72,84.52
2021-08-23,141.0995,304.65,78.38,84.96
2021-08-20,138.437,304.36,78.68,86.1
2021-08-19,136.9135,296.77,78.46,84.98
2021-08-18,136.57,290.73,77.79,84.73
2021-08-17,137.3005,293.08,78.83,85.21
2021-08-16,138.916,294.6,77.93,85.1689
2021-08-13,138.406,292.85,76.72,84.65
2021-08-12,138.3895,289.81,76.04,84.15
2021-08-11,137.6895,286.95,75.21,84.11
2021-08-10,138.0965,286.44,75.19,83.39
2021-08-09,138.002,288.33,75.32,83.26
2021-08-06,137.036,289.46,75.44,83.25
2021-08-05,136.94,289.52,75.59,83.32
2021-08-04,136.0285,286.51,75.48,82.47
2021-08-03,136.28,287.12,76.41,82.66
2021-08-02,135.9895,284.82,76.18,82.11
2021-07-30,135.221,284.91,76.87,81.49
2021-07-29,136.5405,286.5,76.93,82.21
2021-07-28,136.3815,286.22,78.33,82.12
2021-07-27,136.7965,286.54,77.85,82.56
2021-07-26,139.6445,289.05,77.24,81.21
2021-07-23,137.816,289.67,77.54,81.24
2021-07-22,133.3285,286.14,76.53,80.25
2021-07-21,132.6005,281.4,76.39,80.19
2021-07-20,131.1015,279.32,76.17,80.99
2021-07-19,129.254,277.01,77.05,80.59
2021-07-16,131.8455,280.75,78.02,81.95
2021-07-15,131.2665,281.03,77.9,81.27
2021-07-14,132.0825,282.51,77.62,80.35
2021-07-13,130.9945,280.98,77.61,79.75
2021-07-12,130.564,277.32,77.55,80.4
2021-07-09,129.5745,277.94,77.99,80.13
2021-07-08,129.177,277.42,78.12,79.92
2021-07-07,130.0775,279.93,78.56,80.23
2021-07-06,129.771,277.66,78.11,79.71
2021-07-02,128.719,277.65,78.6,79.45
2021-07-01,126.3685,271.6,77.99,79.35
2021-06-30,125.316,270.9,77.77,78.5
2021-06-29,126.0185,271.4,77.21,78.61
2021-06-28,126.8195,268.72,76.86,79.9
2021-06-25,126.995,265.02,77.2,79.49
2021-06-24,127.282,266.69,76.36,78.56
2021-06-23,126.4615,265.275,75.58,78.59
2021-06-22,126.9995,265.51,76.19,79.43
2021-06-21,126.455,262.63,76.75,79.96
2021-06-18,125.5675,259.43,76.61,78.9
2021-06-17,126.371,260.9,77.23,81.01
2021-06-16,125.6965,257.38,76.61,80.71
2021-06-15,126.033,258.36,75.7,81.93
2021-06-14,126.352,259.89,75.45,81.58
2021-06-11,125.6965,257.89,76.27,81.54
2021-06-10,126.08,257.24,76.14,81.3
2021-06-09,124.57,253.59,74.04,81.26
2021-06-08,124.1425,252.57,72.4,80.62
2021-06-07,123.3045,253.81,72.8,81.23
2021-06-04,122.588,250.79,74.11,81.08
2021-06-03,120.2305,245.71,73.91,81.18
2021-06-02,121.064,247.3,73.22,80.63
2021-06-01,121.4905,247.4,72.5541,80.2963
2021-05-28,120.578,249.68,73.2393,80.63
2021-05-27,120.1255,249.31,73.2683,80.25
2021-05-26,121.6765,251.49,74.5325,80.72
2021-05-25,120.4535,251.72,74.7931,80.7
2021-05-24,120.3335,250.78,76.2696,81.75
2021-05-21,117.255,245.17,76.4144,81.82
2021-05-20,117.8045,246.48,76.8776,81.45
2021-05-19,115.4355,243.12,76.5881,80.8
2021-05-18,115.1715,243.08,76.6074,80.98
2021-05-17,116.0705,245.18,77.0803,81.01
2021-05-14,115.808,248.15,75.5555,81.71
2021-05-13,113.0985,243.03,75.9415,81.34
2021-05-12,111.954,239,75.2756,79.8
2021-05-11,115.438,246.23,74.7545,81.69
2021-05-10,117.083,247.18,75.4397,82.67
2021-05-07,119.9345,252.46,75.6713,81.89
2021-05-06,119.0675,249.73,75.0633,81.56
2021-05-05,117.837,246.47,74.9861,80.95
2021-05-04,117.7125,247.79,73.3358,82.32
2021-05-03,119.7585,251.86,73.3262,82.66
2021-04-30,120.506,252.18,71.8978,82.66
2021-04-29,121.4945,252.51,71.1065,81.95
2021-04-28,118.9955,254.56,74.3974,81.21
2021-04-27,115.356,261.97,74.658,81.34
2021-04-26,116.337,261.55,74.822,82.02
2021-04-23,115.765,261.15,75.1598,82.43
2021-04-22,113.396,257.17,75.237,82.65
2021-04-21,114.6645,260.58,76.4626,83.22
2021-04-20,114.6815,258.26,75.8257,83.84
2021-04-19,115.12,258.74,74.9475,82.84
2021-04-16,114.888,260.74,74.7641,83.355
2021-04-15,114.833,259.5,73.9824,82.7
2021-04-14,112.742,255.59,73.7315,81.78
2021-04-13,113.3635,258.49,73.7604,81.43
2021-04-12,112.7395,255.91,73.5578,80.52
2021-04-09,114.294,255.85,73.6446,80.41
2021-04-08,113.272,253.25,72.8533,80.45
2021-04-07,112.484,249.9,73.4613,80.52
2021-04-06,111.2375,247.86,73.1428,80.63
2021-04-05,111.2775,249.07,74.3105,80.34
2021-04-01,106.8875,242.35,74.3974,79.46
2021-03-31,103.4315,235.77,74.3974,79.56
2021-03-30,102.777,231.85,74.2719,78.98
2021-03-29,102.7975,235.24,75.5651,79.63
2021-03-26,101.7775,236.48,74.6869,78.93
2021-03-25,102.218,232.34,73.413,78.69
2021-03-24,102.253,235.46,73.5771,78.33
2021-03-23,102.648,237.58,73.606,78.14
2021-03-22,101.9295,235.99,74.8027,77.16
2021-03-19,102.16,230.35,74.8027,77.27
2021-03-18,101.811,230.72,74.5711,77.15
2021-03-17,104.554,237.04,74.6001,77.51
2021-03-16,104.626,237.71,74.1272,78.72
2021-03-15,103.3245,234.81,73.5674,78.71
2021-03-12,103.096,235.75,71.9944,77.58
2021-03-11,105.7385,237.13,72.0233,76.5
2021-03-10,102.7515,232.42,72.1488,76.84
2021-03-09,102.635,233.78,71.5504,76.25
2021-03-08,101.2085,227.39,71.5794,75.34
2021-03-05,105.427,231.6,70.5757,74.31
2021-03-04,102.4545,226.73,69.6492,73
2021-03-03,101.3355,227.56,70.7398,72.99
2021-03-02,103.792,233.87,70.3055,73.69
2021-03-01,104.0755,236.94,69.8519,74.01
2021-02-26,101.843,232.38,70.0835,72.46
2021-02-25,101.568,228.99,72.0137,74.01
2021-02-24,104.7585,234.55,71.9654,74.75
2021-02-23,103.543,233.27,71.9365,75.46
2021-02-22,103.244,234.51,72.3128,74.9
2021-02-19,105.057,240.97,71.7145,76.33
2021-02-18,105.86,243.79,72.7761,77.37
2021-02-17,106.4155,244.2,72.9015,76.94
2021-02-16,106.095,243.7,71.6566,76.88
2021-02-12,105.2055,244.99,72.3804,77.57
2021-02-11,104.7945,244.49,72.1295,78.13
2021-02-10,104.769,242.82,72.2742,78.58
2021-02-09,104.1755,243.77,72.419,78.24
2021-02-08,104.6455,242.47,72.419,78.04
2021-02-05,104.9,242.2,73.1524,78.63
2021-02-04,103.1185,242.01,73.3744,78.19
2021-02-03,103.5035,243,74.6194,77.65
2021-02-02,96.3755,239.51,75.0536,77.85
2021-02-01,95.0675,239.65,74.658,77.23
2021-01-29,91.787,231.96,74.3781,76.79
2021-01-28,93.1555,238.93,75.1984,77.15
2021-01-27,91.5395,232.9,74.3781,76.39
2021-01-26,95.862,232.33,77.447,78.27
2021-01-25,94.97,229.53,78.3156,79.06
2021-01-22,95.0525,225.95,78.1515,77.74
2021-01-21,94.5625,224.97,78.3445,77.66
2021-01-20,94.345,224.34,79.5798,78.17
2021-01-19,89.543,216.44,80.2843,77.69
2021-01-15,86.8095,212.65,80.4677,78.06
2021-01-14,87.009,213.02,79.2999,77.26
2021-01-13,87.72,216.34,79.464,77.58
2021-01-12,87.3275,214.93,80.1878,76.22
2021-01-11,88.336,217.49,82.0311,76.56
2021-01-08,90.3605,219.62,80.1299,77.28
2021-01-07,89.3625,218.29,81.0853,76.65
2021-01-06,86.7645,212.25,79.5026,77.71
2021-01-05,87.046,217.9,78.2673,75.73
2021-01-04,86.412,217.69,78.1322,75.78
2020-12-31,87.594,222.42,78.9429,77.6
2020-12-30,86.976,221.68,77.7751,76.49
2020-12-29,87.936,224.15,78.5761,76.12
2020-12-28,88.8045,224.96,77.64,76.17
2020-12-24,86.9425,222.75,77.3409,75.85
2020-12-23,86.619,221.02,76.9741,75.38
2020-12-22,86.175,223.94,76.646,75.47
2020-12-21,86.9685,222.59,76.5205,75.51
2020-12-18,86.5505,218.59,76.7522,76.55
2020-12-17,87.395,219.42,77.032,77.21
2020-12-16,88.15,219.28,77.0417,76.58
2020-12-15,88.3885,214.13,77.669,77.54
2020-12-14,88.003,214.2,77.5146,76.05
2020-12-11,89.0885,213.26,80.0624,77
2020-12-10,88.7665,210.52,80.0913,76.92
2020-12-09,89.2065,211.8,80.5545,77.33
2020-12-08,90.9275,216.01,80.2747,77.36
2020-12-07,90.974,214.29,79.6281,77.63
2020-12-04,91.3995,214.36,79.078,77.1976
2020-12-03,91.3385,214.24,78.6051,78.01
2020-12-02,91.3975,215.37,78.9718,78.775
2020-12-01,89.905,216.21,78.7016,78.205
2020-11-30,88.037,214.07,77.5821,77.735
2020-11-27,89.6595,215.23,77.0706,78.841
2020-11-25,88.5715,213.87,77.2636,79.66
2020-11-24,88.444,213.86,77.3409,79.52
2020-11-23,86.743,210.11,77.476,78.5637
2020-11-20,87.1095,210.39,77.64,78.42
2020-11-19,88.196,212.42,77.5821,78.435
2020-11-18,87.339,211.08,77.447,79.225
2020-11-17,88.5075,214.46,78.6534,80.7
2020-11-16,89.069,217.23,77.3795,82.19
2020-11-13,88.851,216.51,78.2577,81.32
2020-11-12,87.492,215.44,77.0706,80.505
2020-11-11,87.6355,216.55,78.2287,81.77
2020-11-10,87.0195,211.01,78.277,81.495
2020-11-09,88.15,218.39,77.6883,80.14
2020-11-06,88.0875,223.72,77.5532,78.55
2020-11-05,88.1685,223.29,77.6497,78.8
2020-11-04,87.4565,216.39,77.8041,78
2020-11-03,82.5105,206.43,74.2333,79.305
2020-11-02,81.3015,202.33,74.0307,78.06
2020-10-30,81.0505,202.47,72.5831,76.409
2020-10-29,78.362,204.72,73.2393,77.1
2020-10-28,75.831,202.68,73.5192,76.85
2020-10-27,80.213,213.25,75.2659,79.25
2020-10-26,79.5225,210.08,76.0863,79.395
2020-10-23,82.05,216.23,77.0417,79.44
2020-10-22,80.7665,214.89,76.4433,79.305
2020-10-21,79.6655,214.8,75.3432,78.135
2020-10-20,77.7965,214.65,75.5362,78.37
2020-10-19,76.7305,214.22,75.9222,77.88
2020-10-16,78.6505,219.66,77.0417,78.445
2020-10-15,77.9565,219.66,76.2986,77.695
2020-10-14,78.404,220.86,77.6979,77.705
2020-10-13,78.584,222.86,77.8909,77.765
2020-10-12,78.4575,221.4,77.5532,78.355
2020-10-09,75.761,215.81,77.5532,77.86
2020-10-08,74.2965,210.58,77.669,77.96
2020-10-07,73.0145,209.83,77.2443,76.455
2020-10-06,72.672,205.91,76.8487,76.205
2020-10-05,74.301,210.38,78.4024,75.35
2020-10-02,72.921,206.19,77.9778,74.465
2020-10-01,74.5045,212.46,78.7885,73.6077
2020-09-30,73.48,210.33,80.0527,73.01
2020-09-29,73.4665,207.26,79.0394,72.325
2020-09-28,73.226,209.44,79.8693,72.39
2020-09-25,72.248,207.82,80.0334,72.165
2020-09-24,71.4145,203.19,80.2457,71.09
2020-09-23,70.7605,200.59,79.7439,70.295
2020-09-22,73.273,207.42,80.0431,71.995
2020-09-21,71.558,202.54,80.2264,71.565
2020-09-18,72.9995,200.39,82.8128,71.985
2020-09-17,74.7765,202.91,82.6487,73.32
2020-09-16,76.045,205.05,82.5812,73.915
2020-09-15,77.072,208.78,81.2687,73.9784
2020-09-14,75.964,205.41,81.2204,73.505
2020-09-11,76.036,204.03,81.5293,72.53
2020-09-10,76.601,205.37,80.6511,72.385
2020-09-09,77.848,211.29,81.9153,73.66
2020-09-08,76.6195,202.66,80.4194,72.8
2020-09-04,79.552,214.25,82.2627,73.34
2020-09-03,82.092,217.3,82.504,73.715
2020-09-02,86.414,231.65,83.8937,74.525
2020-09-01,83.0355,227.27,81.481,72.375
2020-08-31,81.709,225.53,82.2917,73.18
2020-08-28,82.2205,228.91,82.6584,73.015
2020-08-27,81.7165,226.58,82.8225,72.85
2020-08-26,82.619,221.15,82.5522,72.5034
2020-08-25,80.411,216.47,82.6874,73.495
2020-08-24,79.41,213.69,82.4364,74.16
2020-08-21,79.021,213.02,82.0118,73.42
2020-08-20,79.0875,214.58,82.0601,73.4351
2020-08-19,77.3765,209.7,82.0601,74.09
2020-08-18,77.93,211.49,81.6065,74.32
2020-08-17,75.899,210.28,81.7995,74.585
2020-08-14,75.3865,208.9,80.5642,74.76
2020-08-13,75.9225,208.7,80.6221,75.3
2020-08-12,75.331,209.19,79.7921,75.525
2020-08-11,74.016,203.38,78.084,74.515
2020-08-10,74.805,208.25,78.084,76.115
2020-08-07,74.7245,212.48,78.1901,76.14
2020-08-06,75.005,216.35,78.2191,74.66
2020-08-05,73.6805,212.94,78.7885,74.245
2020-08-04,73.2485,213.29,78.8174,75.125
2020-08-03,73.7225,216.54,79.657,74.335
2020-07-31,74.148,205.01,77.4374,75.165
2020-07-30,76.5725,203.9,76.231,75.095
2020-07-29,76.101,204.06,76.5784,75.13
2020-07-28,75.017,202.02,76.9066,74.745
2020-07-27,76.51,203.85,76.1731,73.595
2020-07-24,75.5935,201.3,74.407,74.63
2020-07-23,75.784,202.54,75.3335,75.13
2020-07-22,78.4245,211.75,76.0284,75.025
2020-07-21,77.921,208.75,76.1345,73.875
2020-07-20,78.286,211.6,76.6364,73.495
2020-07-17,75.7775,202.88,77.0803,74.55
2020-07-16,75.9,203.92,76.6267,72.91
2020-07-15,75.682,208.04,76.6653,72.11
2020-07-14,76.029,208.35,75.5169,72.285
2020-07-13,75.567,207.07,74.6483,71.685
2020-07-10,77.087,213.67,74.05,71.62
2020-07-09,75.5495,214.32,74.0114,70.19
2020-07-08,74.8,212.83,75.1984,71.2
2020-07-07,74.259,208.25,75.9705,70.61
2020-07-06,74.785,210.7,76.8004,70.965
2020-07-02,73.235,206.26,76.0284,71.78
2020-07-01,71.902,204.7,75.3914,71.655
2020-06-30,70.6805,203.51,74.629,70.1
2020-06-29,69.7485,198.44,73.4613,69.795
2020-06-26,67.995,196.33,72.5637,68.365
2020-06-25,72.0665,200.34,73.8955,69.16
2020-06-24,71.5985,197.84,73.22,69.905
2020-06-23,73.2205,201.91,74.4263,70.6
2020-06-22,72.593,200.57,74.0693,71.31
2020-06-19,71.586,195.15,75.1791,70.675
2020-06-18,71.798,196.32,73.5578,72.675
2020-06-17,72.556,194.24,73.6253,72.705
2020-06-16,72.136,193.57,74.2816,72.835
2020-06-15,70.9925,188.94,71.4346,72.595
2020-06-12,70.659,187.74,73.635,72.615
2020-06-11,70.192,186.27,74.6483,72.83
2020-06-10,73.2925,196.84,78.9139,75.905
2020-06-09,72.808,189.8,79.3868,76.415
2020-06-08,72.3305,188.36,80.0045,78.05
2020-06-05,71.9195,187.2,79.3868,75.99
2020-06-04,70.609,182.92,78.7016,75.015
2020-06-03,71.819,185.36,79.1938,76.335
2020-06-02,71.961,184.91,78.0164,75.395
2020-06-01,71.591,182.83,76.7811,74.89
2020-05-29,71.446,183.25,77.9006,74.075
2020-05-28,70.8365,181.4,76.2793,73.585
2020-05-27,70.892,181.81,74.8413,71.54
2020-05-26,70.851,181.57,74.5614,70.835
2020-05-22,70.521,183.51,73.7025,70.14
2020-05-21,70.14,183.43,73.8762,69.49
2020-05-20,70.336,185.66,74.2044,70.1
2020-05-19,68.6743,183.63,74.8413,69.735
2020-05-18,69.197,184.91,76.9355,70.87
2020-05-15,68.6595,183.16,76.9934,67.95
2020-05-14,67.8065,180.53,77.254,68.705
2020-05-13,67.4665,179.75,75.1694,68.14
2020-05-12,68.787,182.51,74.4939,68.815
2020-05-11,70.163,186.74,75.1887,69.51
2020-05-08,69.4185,184.68,73.7315,69.9
2020-05-07,68.628,183.6,72.9594,68.42
2020-05-06,67.365,182.54,74.4263,68.09
2020-05-05,67.5555,180.76,75.2853,70.5
2020-05-04,66.34,178.84,74.1754,69.95
2020-05-01,66.0305,174.57,74.9571,69.5
2020-04-30,67.433,179.21,76.5688,71.215
2020-04-29,67.074,177.43,77.9488,73.035
2020-04-28,61.6835,169.81,78.3445,73.545
2020-04-27,63.794,174.05,81.0467,73.2
2020-04-24,63.9655,174.55,78.5858,72.31
2020-04-23,63.8155,171.42,78.055,71.925
2020-04-22,63.1605,173.52,77.1864,73.045
2020-04-21,60.817,167.82,75.816,71.145
2020-04-20,63.3305,175.06,80.1975,72.23
2020-04-17,64.1625,178.6,80.5449,75.035
2020-04-16,63.1735,177.04,80.101,72.68
2020-04-15,63.1235,171.88,79.2034,72.72
2020-04-14,63.4615,173.7,79.9465,75.245
2020-04-13,60.878,165.51,77.7269,73.265
2020-04-09,60.5725,165.14,79.6088,75.8
2020-04-08,60.514,165.13,78.7692,72.23
2020-04-07,59.3255,163.49,75.816,68.735
2020-04-06,59.346,165.27,77.5049,69.355
2020-04-03,54.894,153.83,73.5867,64.505
2020-04-02,56.042,155.26,74.1851,66.735
2020-04-01,55.281,152.11,71.2223,64.895
2020-03-31,58.1405,157.71,74.2526,69.045
2020-03-30,57.341,160.23,74.2623,71.71
2020-03-27,55.5355,149.7,69.2246,69.27
2020-03-26,58.0875,156.11,70.9617,68.76
2020-03-25,55.1245,146.92,65.8372,63.615
2020-03-24,56.723,148.34,66.6382,62.23
2020-03-23,52.831,135.98,64.0808,56.5
2020-03-20,53.616,137.35,68.8675,59.575
2020-03-19,55.7645,142.71,68.2595,64.875
2020-03-18,54.84,140.4,69.1281,67.995
2020-03-17,55.99,146.57,71.8785,71.685
2020-03-16,54.2165,135.42,67.4778,63.94
2020-03-13,60.9865,158.83,74.0693,71.735
2020-03-12,55.7455,139.06,71.8496,67.685
2020-03-11,60.7705,153.63,76.4819,75.515
2020-03-10,64.0195,160.92,79.1552,79.545
2020-03-09,60.778,150.62,76.2021,78.57
2020-03-06,64.9205,161.57,79.3289,83.365
2020-03-05,65.952,166.27,78.7306,83.995
2020-03-04,69.326,170.55,80.072,85.4278
2020-03-03,67.0695,164.51,76.3661,80.895
2020-03-02,69.4555,172.79,78.5279,81.87
2020-02-28,66.9665,162.01,73.8859,77.13
2020-02-27,65.9045,158.18,75.3528,80.23
2020-02-26,69.659,170.17,77.1478,83.91
2020-02-25,69.4225,168.07,77.4663,84.785
2020-02-24,71.0795,170.89,78.4893,86.68
2020-02-21,74.2555,178.59,79.464,87.725
2020-02-20,75.9075,184.42,79.6088,87.86
2020-02-19,76.3345,187.28,79.1359,87.67
2020-02-18,75.9835,187.23,79.5798,88.53
2020-02-14,76.037,185.35,79.7632,87.82
2020-02-13,75.733,183.71,79.1069,87.22
2020-02-12,75.9135,184.71,80.3422,86.335
2020-02-11,75.4395,184.44,82.2724,86.31
2020-02-10,75.434,188.7,82.6681,85.985
2020-02-07,73.9615,183.89,82.1083,85.65
2020-02-06,73.8115,183.63,82.6874,85.895
2020-02-05,72.4115,179.9,82.8321,85.88
2020-02-04,72.3535,180.12,85.2737,85.505
2020-02-03,74.297,174.38,84.2894,86.34
2020-01-31,71.7115,170.23,82.4557,86.105
2020-01-30,72.792,172.78,83.4787,86.465
2020-01-29,72.9315,168.04,84.1929,85.685
2020-01-28,72.628,165.46,83.2374,85.45
2020-01-27,71.695,162.28,83.0927,85.2
2020-01-24,73.3355,165.04,82.9769,85.465
2020-01-23,74.3325,166.72,85.4668,85.255
2020-01-22,74.2975,165.7,86.5187,84.505
2020-01-21,74.22,166.5,86.8275,84.19
2020-01-17,74.0195,167.1,87.7926,83.57
2020-01-16,72.585,166.17,87.9952,83.02
2020-01-15,71.96,163.18,88.3427,82.51
2020-01-14,71.544,162.13,86.7889,81.38
2020-01-13,71.9615,163.28,86.3836,81.125
2020-01-10,71.4865,161.34,86.4029,80.64
2020-01-09,70.9915,162.09,86.2581,80.44
2020-01-08,70.216,160.09,85.5054,80.075
2020-01-07,69.667,157.58,86.0844,80.09
2020-01-06,69.7105,159.03,88.4392,80.195
2020-01-03,68.033,158.62,88.0628,80.08
2020-01-02,68.3685,160.62,88.8252,80.015
2019-12-31,66.851,157.7,87.7733,81.025
2019-12-30,66.807,157.59,87.8505,80.635
2019-12-27,67.5945,158.96,88.3041,80.655
2019-12-26,68.02,158.67,88.1497,80.435
2019-12-24,67.178,157.38,88.2462,80.36
2019-12-23,67.442,157.41,88.5357,80.265
2019-12-20,67.4795,157.41,88.3813,81.105
2019-12-19,67.802,155.71,86.8468,80.5
2019-12-18,67.631,154.37,86.4897,80.585
2019-12-17,67.756,154.69,85.9107,80.205
2019-12-16,68.0585,155.53,86.1713,79.96
2019-12-13,67.3915,154.53,86.0748,79.45
2019-12-12,67.5135,153.24,86.4415,78.85
2019-12-11,67.251,151.7,85.8721,79.18
2019-12-10,67.233,151.13,85.9879,78.89
2019-12-09,67.178,151.36,85.6212,78.855
2019-12-06,67.031,151.75,85.7466,79.265
2019-12-05,66.4065,149.93,85.6501,79.43
2019-12-04,66.027,149.85,85.5729,79.305
2019-12-03,64.764,149.31,84.328,78.775
2019-12-02,64.496,149.55,83.9998,78.455
2019-11-29,65.248,151.38,84.135,79.065
2019-11-27,65.6495,152.32,84.5499,79.2087
2019-11-26,65.6775,152.03,84.2894,79.08
2019-11-25,65.3345,151.23,82.7067,78.75
2019-11-22,64.767,149.59,82.4654,79.045
2019-11-21,65.0675,149.48,82.475,78.94
2019-11-20,65.1525,149.62,82.2917,79.295
2019-11-19,65.773,150.39,81.6933,78.775
2019-11-18,66.035,150.34,81.1915,78.96
2019-11-15,66.7435,149.97,81.9346,78.86
2019-11-14,65.573,148.06,81.5968,78.615
2019-11-13,64.9,147.31,81.8574,78.335
2019-11-12,64.94,147.07,81.1818,77.185
2019-11-11,64.9595,146.11,80.3712,77.055
2019-11-08,65.5685,145.96,80.6704,77.625
2019-11-07,65.443,144.26,79.9852,77.95
2019-11-06,64.59,144.06,80.3422,78.91
2019-11-05,64.6015,144.46,80.0238,78.775
2019-11-04,64.5685,144.55,80.9695,79.56
2019-11-01,63.687,143.72,81.9732,80.575
2019-10-31,63.0055,143.37,83.6331,80.7
2019-10-30,63.0645,144.61,83.2085,80.325
2019-10-29,63.131,142.83,82.1276,79.705
2019-10-28,64.5,144.19,79.3289,79.575
2019-10-25,63.2565,140.73,79.3868,80.655
2019-10-24,63.0495,139.94,79.6956,81.46
2019-10-23,62.9565,137.24,79.9755,81.235
2019-10-22,62.14,136.37,78.4603,80.94
2019-10-21,62.3075,138.43,81.5679,80.6
2019-10-18,62.2745,137.41,81.7223,80.315
2019-10-17,62.6535,139.69,80.873,80.01
2019-10-16,62.182,140.41,81.5003,79.845
2019-10-15,62.1505,141.575,82.0697,79.66
2019-10-14,60.857,139.55,81.7319,79.955
2019-10-11,60.7725,139.68,81.3942,80.435
2019-10-10,60.4335,139.1,80.8344,80.64
2019-10-09,60.1155,138.24,81.2397,80.705
2019-10-08,59.4565,135.67,80.3808,80.37
2019-10-07,60.384,137.12,81.4424,81.12
2019-10-04,60.45,138.12,82.0311,81.505
2019-10-03,59.3915,136.28,79.85,80.285
2019-10-02,58.8315,134.65,78.7692,80.09
2019-10-01,60.255,137.07,80.6897,81.185
2019-09-30,60.95,139.03,81.2397,81.425
2019-09-27,61.2545,137.73,80.0141,81.415
2019-09-26,62.0695,139.54,80.9502,81.66
2019-09-25,62.326,139.36,80.1975,81.305
2019-09-24,60.938,137.38,80.68,81.33
2019-09-23,61.7015,139.14,81.4135,81.015
2019-09-20,61.4965,139.44,82.1855,80.875
2019-09-19,61.9355,141.07,81.0371,80.71
2019-09-18,61.6205,138.52,80.1203,80.38
2019-09-17,61.4575,137.39,79.6281,80.015
2019-09-16,61.565,136.33,79.1648,79.305
2019-09-13,61.978,137.32,79.7246,79.3
2019-09-12,61.7125,137.52,80.4001,79.71
2019-09-11,61.0085,136.12,80.0238,79.515
2019-09-10,60.3,136.08,78.8367,78.7
2019-09-09,60.2205,137.52,80.5545,78.685
2019-09-06,60.2465,139.1,83.5463,79.07
2019-09-05,60.569,140.05,83.0927,79.385
2019-09-04,59.0705,137.63,83.0444,80.19
2019-09-03,58.4195,136.04,83.6235,80.145
2019-08-30,59.405,137.86,83.4498,78.81
2019-08-29,59.6425,138.12,83.691,78.75
2019-08-28,58.551,135.56,83.4594,78.195
2019-08-27,58.392,135.74,82.5329,78.27
2019-08-26,58.4445,135.45,82.8804,78.285
2019-08-23,57.5645,133.39,81.9732,77.305
2019-08-22,59.4765,137.78,83.691,78.235
2019-08-21,59.5625,138.79,83.8744,78.12
2019-08-20,59.1345,137.26,82.6584,77.65
2019-08-19,59.9225,138.41,83.1795,77.765
2019-08-16,58.88,136.13,82.089,77.335
2019-08-15,58.363,133.68,80.5449,76.84
2019-08-14,58.2145,133.98,80.487,75.905
2019-08-13,59.8635,138.6,83.0734,76.525
2019-08-12,58.7355,135.79,82.0504,76.485
2019-08-09,59.4005,137.71,82.5329,76.645
2019-08-08,60.24,138.89,81.7705,76.665
2019-08-07,58.6995,135.28,81.3073,75.79
2019-08-06,58.4975,134.69,81.4038,75.59
2019-08-05,57.616,132.21,80.2168,74.74
2019-08-02,59.6995,136.9,81.5196,75.89
2019-08-01,60.4505,138.06,80.7669,75.87
2019-07-31,60.834,136.27,80.0913,75.22
2019-07-30,61.257,140.35,80.3615,75.53
2019-07-29,61.9705,141.03,79.6088,76.02
2019-07-26,62.5205,141.34,78.5858,75.73
2019-07-25,56.606,140.19,78.8946,75.355
2019-07-24,56.8905,140.72,78.8946,75.57
2019-07-23,57.3105,139.29,79.1648,75.565
2019-07-22,56.9035,138.43,78.3735,75.98
2019-07-19,56.505,136.62,78.5472,76.13
2019-07-18,57.3165,136.42,79.8018,77.25
2019-07-17,57.3175,136.27,79.0587,76.685
2019-07-16,57.679,137.08,78.7402,76.33
2019-07-15,57.517,138.9,78.1322,76.76
2019-07-12,57.245,138.9,76.9452,76.56
2019-07-11,57.2105,138.4,78.1708,76.985
2019-07-10,57.024,137.85,81.8574,77.01
2019-07-09,56.2415,136.46,81.896,76.79
2019-07-08,55.8175,136.96,81.1046,76.745
2019-07-05,56.5795,137.06,82.6101,76.655
2019-07-03,56.079,137.46,83.8647,76.705
2019-07-02,55.5625,136.58,82.5233,76.15
2019-07-01,54.8975,135.68,81.7898,75.255
2019-06-28,54.0455,133.96,80.9213,75.395
2019-06-27,53.8005,134.15,80.902,75.045
2019-06-26,53.99,133.93,80.6221,74.97
2019-06-25,54.3175,133.43,82.2627,76.635
2019-06-24,55.776,137.78,82.5233,77.085
2019-06-21,56.094,136.97,81.6161,77.085
2019-06-20,55.571,136.95,81.6451,76.74
2019-06-19,55.1165,135.69,82.3785,76.37
2019-06-18,55.18,135.16,81.5389,75.74
2019-06-17,54.625,132.85,80.3905,75.94
2019-06-14,54.2675,132.45,79.8886,76.75
2019-06-13,54.4385,132.32,80.0045,76.04
2019-06-12,53.8515,131.49,80.7862,75.89
2019-06-11,53.936,132.1,80.0817,74.925
2019-06-10,54.019,132.6,79.5991,75.385
2019-06-07,53.302,131.4,79.5798,75.88
2019-06-06,52.217,127.82,78.5954,76.45
2019-06-05,52.111,125.83,78.8367,76.03
2019-06-04,52.6525,123.16,78.248,74.43
2019-06-03,51.8115,119.84,77.4567,74.41
2019-05-31,55.1815,123.68,76.4433,73.585
2019-05-30,55.8975,125.73,76.8969,73.2
2019-05-29,55.823,124.94,76.5881,73.31
2019-05-28,56.7075,126.16,77.4567,74.375
2019-05-24,56.6735,126.24,78.3349,75.565
2019-05-23,57.0385,126.18,78.1901,75.67
2019-05-22,57.571,127.67,78.1515,75.105
2019-05-21,57.4815,126.9,76.7232,74.585
2019-05-20,56.9425,126.22,76.1249,74.505
2019-05-17,58.115,128.07,75.9705,74.405
2019-05-16,58.949,128.93,76.3661,74.02
2019-05-15,58.2105,126.02,74.8413,73.575
2019-05-14,56.022,124.73,74.7159,73.665
2019-05-13,56.6015,123.35,74.4746,74.2
2019-05-10,58.2135,127.13,75.459,73.405
2019-05-09,58.119,125.5,75.5941,72.155
2019-05-08,58.3135,125.51,75.4493,72.18
2019-05-07,58.705,125.52,75.1791,73.245
2019-05-06,59.4695,128.15,76.7039,73.46
2019-05-03,59.27,128.9,77.2057,73.89
2019-05-02,58.1305,126.21,76.7425,73.435
2019-05-01,58.404,127.88,75.9705,73.56
2019-04-30,59.424,130.6,75.9608,74.315
2019-04-29,64.379,129.77,74.0982,73.165
2019-04-26,63.609,129.89,73.9535,73.56
2019-04-25,63.1725,129.15,73.6736,73.405
2019-04-24,62.8,125.01,72.1198,73.185
2019-04-23,63.2275,125.44,71.9944,72.71
2019-04-22,62.442,123.76,70.8942,72.42
2019-04-18,61.8185,123.37,70.6336,72.515
2019-04-17,61.817,121.77,71.3381,72.44
2019-04-16,61.3565,120.77,74.851,72.68
2019-04-15,61.055,121.05,75.7871,73.645
2019-04-12,60.8935,120.95,76.6557,73.68
2019-04-11,60.231,120.33,77.0513,73.335
2019-04-10,60.108,120.19,77.9971,72.92
2019-04-09,59.8625,119.28,77.9778,73.165
2019-04-08,60.192,119.93,78.1226,72.995
2019-04-05,60.3575,119.89,78.3156,73.52
2019-04-04,60.75,119.36,78.9911,72.85
2019-04-03,60.296,119.97,80.2747,73.095
2019-04-02,60.0245,119.19,80.3036,73.155
2019-04-01,59.7215,119.02,80.3905,73.21
2019-03-29,58.6655,117.94,80.265,73.655
2019-03-28,58.4245,116.93,79.7439,73.295
2019-03-27,58.651,116.77,79.4158,74.1
2019-03-26,59.231,117.91,80.0238,74.605
2019-03-25,59.65,117.66,79.4737,74.1
2019-03-22,60.275,117.05,79.4158,74.025
2019-03-21,61.577,120.22,80.0527,73.51
2019-03-20,61.1985,117.52,79.2131,72.755
2019-03-19,59.9425,117.65,79.049,73.11
2019-03-18,59.213,117.57,78.5086,73.945
2019-03-15,59.223,115.91,78.7209,74.225
2019-03-14,59.2775,114.59,78.6437,73.91
2019-03-13,59.666,114.5,78.7499,74.005
2019-03-12,59.66,113.62,78.3928,73.895
2019-03-11,58.788,112.83,78.0454,73.415
2019-03-08,57.116,110.51,77.0127,72.89
2019-03-07,57.165,110.39,77.64,72.605
2019-03-06,57.893,111.75,77.9392,72.39
2019-03-05,58.1015,111.7,78.8464,72.41
2019-03-04,57.39,112.26,78.5279,72.535
2019-03-01,57.0495,112.53,78.7981,72.415
2019-02-28,55.996,112.03,78.4507,72.215
2019-02-27,55.8025,112.17,77.8041,71.905
2019-02-26,55.7565,112.36,77.9199,71.73
2019-02-25,55.47,111.59,77.5725,71.885
2019-02-22,55.5185,110.97,77.9488,72.35
2019-02-21,54.8485,109.41,77.0417,71.88
2019-02-20,55.69,107.15,76.6557,71.38
2019-02-19,55.928,108.17,76.4723,71.035
2019-02-15,55.6825,108.22,77.0224,70.635
2019-02-14,56.0835,106.9,76.1828,70.375
2019-02-13,56.008,106.81,76.26,70.51
2019-02-12,56.0685,106.89,75.7774,70.64
2019-02-11,54.7505,105.25,74.0307,70.53
2019-02-08,54.753,105.67,74.8124,70.625
2019-02-07,54.9355,105.27,74.1368,70.255
2019-02-06,55.7615,106.03,74.6869,69.315
2019-02-05,57.2995,107.22,74.4553,69.47
2019-02-04,56.64,105.74,74.1851,69.375
2019-02-01,55.5375,102.78,73.7797,69.275
2019-01-31,55.8185,104.43,71.8303,69.51
2019-01-30,54.453,106.38,70.8073,68.11
2019-01-29,53.031,102.94,70.6722,67.625
2019-01-28,53.504,105.08,70.373,67.445
2019-01-25,54.5495,107.17,70.402,67.79
2019-01-24,53.695,106.2,70.6143,68.66
2019-01-23,53.7785,106.71,72.805,68.31
2019-01-22,53.526,105.68,73.1814,67.665
2019-01-18,54.913,107.71,73.22,67.555
2019-01-17,54.495,106.12,72.9594,67.4239
2019-01-16,54.0485,105.38,72.004,67.145
2019-01-15,53.8575,105.01,71.8978,66.89
2019-01-14,52.2345,102.05,70.8073,66.055
2019-01-11,52.8595,102.8,72.2839,67.495
2019-01-10,53.5165,103.6,71.8785,67.76
2019-01-09,53.733,104.27,72.7761,66.795
2019-01-08,53.814,102.8,73.3358,67.29
2019-01-07,53.4195,102.06,72.7954,66.45
2019-01-04,53.5355,101.93,73.606,66.885
2019-01-03,50.803,97.4,71.4539,65.93
2019-01-02,52.2925,101.12,72.9498,65.82
2018-12-31,51.7805,101.57,73.7411,67.11
2018-12-28,51.854,100.39,72.7375,66.89
2018-12-27,52.194,101.18,72.7471,66.795
2018-12-26,51.973,100.56,71.4153,66.2417
2018-12-24,48.811,94.13,68.6649,65.33
2018-12-21,48.977,98.23,70.3537,68.205
2018-12-20,50.4705,101.51,70.9231,68.705
2018-12-19,51.1505,103.69,71.1933,68.6
2018-12-18,51.4355,103.97,71.7338,68.675
2018-12-17,50.8265,102.89,72.6024,69.205
2018-12-14,52.105,106.03,73.8087,71.87
2018-12-13,53.095,109.45,76.2503,72.1
2018-12-12,53.184,109.08,75.2853,71.505
2018-12-11,52.5875,108.59,74.4167,71.85
2018-12-10,51.9775,107.59,74.7159,71.63
2018-12-07,51.829,104.82,74.0403,71.465
2018-12-06,53.4365,109.19,75.6327,71.15
2018-12-04,52.541,108.52,75.4783,71.105
2018-12-03,55.3215,112.09,76.453,71.025
2018-11-30,54.7215,110.89,76.5688,70.355
2018-11-29,54.415,110.19,75.1887,69.375
2018-11-28,54.3115,111.12,74.5325,69.485
2018-11-27,52.2205,107.14,73.6736,69.55
2018-11-26,52.431,106.47,72.805,69.08
2018-11-23,51.194,103.07,72.0619,68.655
2018-11-21,51.8805,103.11,72.1777,68.615
2018-11-20,51.288,101.71,72.1681,69.5
2018-11-19,51,104.62,73.6832,70.025
2018-11-16,53.0745,108.29,73.4034,69.57
2018-11-15,53.2355,107.28,72.226,68.72
2018-11-14,52.183,104.97,71.5022,69.07
2018-11-13,51.8025,106.94,72.004,69.785
2018-11-12,51.9315,106.87,72.0812,69.565
2018-11-09,53.3075,109.57,72.2453,69.52
2018-11-08,54.12,111.75,72.8436,69.405
2018-11-07,54.6695,111.96,72.4576,69.51
2018-11-06,52.7905,107.72,70.7494,68.77
2018-11-05,52.0045,107.51,70.5661,68.235
2018-11-02,52.8895,106.16,69.7457,67.36
2018-11-01,53.5,105.92,70.5661,67.69
2018-10-31,53.8385,106.81,71.0389,67.88
2018-10-30,51.8105,103.73,70.3248,68.615
2018-10-29,51.004,103.85,68.9544,68.395
2018-10-26,53.5735,106.96,67.9411,67.595
2018-10-25,54.7785,108.3,67.5164,68.775
2018-10-24,52.5355,102.32,68.0762,69.75
2018-10-23,55.1845,108.1,69.5817,68.34
2018-10-22,55.058,109.63,70.0353,68.725
2018-10-19,54.823,108.66,69.8229,69.225
2018-10-18,54.3985,108.5,69.6878,68.175
2018-10-17,55.7845,110.71,69.3115,68.125
2018-10-16,56.064,111,68.7324,68.205
2018-10-15,54.6125,107.6,67.0339,67.415
2018-10-12,55.504,109.57,67.3717,67.215
2018-10-11,53.966,105.91,65.982,67.26
2018-10-10,54.061,106.16,67.9893,68.65
2018-10-09,56.941,112.26,69.8133,68.985
2018-10-08,57.4485,110.85,68.964,68.71
2018-10-05,57.8675,112.13,68.549,68.165
2018-10-04,58.4095,112.79,68.7324,67.205
2018-10-03,60.1475,115.17,68.8772,66.875
2018-10-02,60.0055,115.15,69.2439,67.595
2018-10-01,59.7655,115.61,69.0316,66.775
2018-09-28,59.6735,114.37,68.4622,67.035
2018-09-27,59.732,114.41,68.2499,66.06
2018-09-26,59.0245,113.98,67.8735,65.425
2018-09-25,59.2325,114.45,68.1823,66.57
2018-09-24,58.6685,114.67,68.3078,67.405
2018-09-21,58.3045,114.26,68.6166,67.91
2018-09-20,59.3435,113.57,68.3078,67.695
2018-09-19,58.5545,111.7,67.5357,67.54
2018-09-18,58.061,113.21,67.9604,69.01
2018-09-17,57.8025,112.14,67.9604,69.105
2018-09-14,58.6265,113.37,67.5357,68.9
2018-09-13,58.7665,112.91,68.356,69.205
2018-09-12,58.141,111.71,67.4199,68.675
2018-09-11,58.868,111.24,66.6672,68.75
2018-09-10,58.232,109.38,67.1304,68.865
2018-09-07,58.2415,108.21,67.2366,68.575
2018-09-06,58.572,108.74,66.9567,69.3
2018-09-05,59.324,108.49,66.2232,69.005
2018-09-04,59.85,111.71,65.5766,68.17
2018-08-31,60.9095,112.33,66.1943,67.845
2018-08-30,61.956,111.95,66.146,68.1
2018-08-29,62.465,112.02,66.4066,68.02
2018-08-28,61.5575,110.26,66.2329,67.585
2018-08-27,62.091,109.6,66.5803,67.71
2018-08-24,61.0325,108.4,66.6286,68.18
2018-08-23,60.269,107.56,66.561,67.88
2018-08-22,60.3665,107.06,66.6286,67.96
2018-08-21,60.081,105.98,66.754,68.43
2018-08-20,60.3885,106.87,67.7191,68.92
2018-08-17,60.048,107.58,66.6479,69.11
2018-08-16,60.3245,107.64,66.4452,68.835
2018-08-15,60.719,107.66,65.0169,68.07
2018-08-14,62.105,109.56,64.1387,67.54
2018-08-13,61.7505,108.21,64.3896,67.32
2018-08-10,61.8805,109,63.7623,67.285
2018-08-09,62.455,109.67,63.6947,67.535
2018-08-08,62.2805,109.49,64.3606,67.245
2018-08-07,62.111,108.88,64.2545,67.575
2018-08-06,61.2385,108.13,63.9071,67.645
2018-08-03,61.1855,108.04,63.6272,67.515
2018-08-02,61.3075,107.57,62.942,66.85
2018-08-01,61.0005,106.28,63.2026,66.515
2018-07-31,60.863,106.08,63.5693,67.08
2018-07-30,60.987,105.37,62.5463,66.375
2018-07-27,61.925,107.68,61.2724,66.755
2018-07-26,63.4165,109.62,61.7742,67.035
2018-07-25,63.185,110.83,62.2375,66.3
2018-07-24,62.404,107.66,61.2049,66.23
2018-07-23,60.275,107.97,60.5004,66.02
2018-07-20,59.2455,106.27,60.3363,66.415
2018-07-19,59.348,104.4,60.3266,66.885
2018-07-18,59.794,105.12,60.7416,66.255
2018-07-17,59.94,105.95,60.3459,66.555
2018-07-16,59.193,104.91,60.4038,66.62
2018-07-13,59.441,105.43,60.6934,66.71
2018-07-12,59.174,104.19,60.4714,66.69
2018-07-11,57.695,101.98,59.7379,66.71
2018-07-10,57.642,102.12,60.124,66.125
2018-07-09,57.7025,101.85,59.8538,65.5
2018-07-06,57.0085,101.16,60.0275,67.605
2018-07-05,56.2135,99.76,59.487,67.04
2018-07-03,55.1445,99.05,58.5895,66.655
2018-07-02,56.373,100.01,58.3482,66.485
2018-06-29,55.7825,98.61,58.5799,65.9699
2018-06-28,55.711,98.63,58.1938,65.9
2018-06-27,55.199,97.54,57.7885,65.96
2018-06-26,55.923,99.08,58.5992,65.57
2018-06-25,56.2405,98.39,58.9466,66.065
2018-06-22,57.774,100.41,59.323,65.06
2018-06-21,57.883,101.14,59.0431,64.7
2018-06-20,58.492,101.87,59.1396,64.44
2018-06-19,58.403,100.86,58.8983,64.42
2018-06-18,58.673,100.86,58.8597,63.775
2018-06-15,57.613,100.13,59.8634,63.515
2018-06-14,57.606,101.42,59.4098,63.045
2018-06-13,56.7395,100.85,60.4038,62.32
2018-06-12,56.966,101.31,60.2591,62.49
2018-06-11,56.4995,101.05,60.1529,61.73
2018-06-08,56.0435,101.63,60.3942,62
2018-06-07,56.193,100.88,59.8248,62.035
2018-06-06,56.844,102.49,59.7669,61.715
2018-06-05,56.983,102.19,59.2458,63.01
2018-06-04,56.9645,101.67,59.8538,63.45
2018-06-01,55.975,100.79,58.4447,63.88
2018-05-31,54.2495,98.84,57.4507,64.84
2018-05-30,53.39,98.95,57.6341,64.835
2018-05-29,53.016,98.01,56.3602,64.29
2018-05-25,53.783,98.36,57.0261,64.205
2018-05-24,53.962,98.31,57.0647,63.94
2018-05-23,53.9845,98.66,57.1033,63.475
2018-05-22,53.4865,97.5,56.4084,62.86
2018-05-21,53.979,97.6,56.5243,62.605
2018-05-18,53.318,96.36,57.0743,62.27
2018-05-17,53.9295,96.18,57.0068,62.27
2018-05-16,54.0885,97.15,57.663,62.79
2018-05-15,53.9615,97.32,57.1323,63.275
2018-05-14,55.01,98.03,57.5955,63.765
2018-05-11,54.913,97.7,57.6051,64.02
2018-05-10,54.8785,97.91,56.0321,63.875
2018-05-09,54.138,96.94,55.9259,63.055
2018-05-08,52.6955,95.81,54.7775,63.465
2018-05-07,52.7395,96.22,55.3758,64.98
2018-05-04,52.4105,95.16,55.7329,65.355
2018-05-03,51.186,94.07,55.5206,64.985
2018-05-02,51.219,93.51,55.2986,64.98
2018-05-01,51.8655,95,55.9549,65.025
2018-04-30,50.8665,93.52,56.8138,65.21
2018-04-27,51.5025,95.82,57.3928,65.4
2018-04-26,52.002,94.26,57.3349,64.76
2018-04-25,51.059,92.31,57.5472,64.08
2018-04-24,50.999,93.12,57.9912,64.065
2018-04-23,53.3725,95.35,58.1456,63.65
2018-04-20,53.648,95,56.7752,63.5
2018-04-19,54.385,96.11,56.5918,63.995
2018-04-18,53.604,96.44,56.862,64.05
2018-04-17,53.708,96.07,57.1998,64.325
2018-04-16,51.899,94.17,56.6015,63.7
2018-04-13,51.4635,93.08,55.1732,62.875
2018-04-12,51.6255,93.58,54.7582,62.385
2018-04-11,50.9985,91.86,54.237,63.175
2018-04-10,51.582,92.88,54.5169,63.245
2018-04-09,50.7725,90.77,54.1984,63.66
2018-04-06,50.352,90.23,51.4962,63.545
2018-04-05,51.3905,92.38,52.6254,64.06
2018-04-04,51.257,92.33,52.635,63.53
2018-04-03,50.6705,89.71,52.2007,63.415
2018-04-02,50.3235,88.52,51.4094,63.12
2018-03-29,51.5895,91.27,52.5675,63.725
2018-03-28,50.228,89.39,53.1658,63.385
2018-03-27,50.255,89.47,51.8726,63.3
2018-03-26,52.6605,93.78,52.1525,62.425
2018-03-23,51.0785,87.18,51.5445,61.78
2018-03-22,52.454,89.79,52.2297,62.62
2018-03-21,54.544,92.48,52.7798,62.87
2018-03-20,54.8855,93.13,52.7315,63.1
2018-03-19,54.991,92.89,52.7219,63.42
2018-03-16,56.7865,94.6,53.7255,63.805
2018-03-15,57.479,94.18,53.3202,63.17
2018-03-14,57.4745,93.85,52.8859,63.24
2018-03-13,56.9085,94.41,53.436,62.65
2018-03-12,58.225,96.77,53.4264,62.52
2018-03-09,58.002,96.54,53.2141,62.225
2018-03-08,56.3,94.43,52.8473,62.01
2018-03-07,55.482,93.86,52.5675,61.6
2018-03-06,54.753,93.32,52.4034,61.975
2018-03-05,54.5465,93.64,52.4999,62.755
2018-03-02,53.946,93.05,52.4613,61.555
2018-03-01,53.476,92.85,51.8244,61.77
2018-02-28,55.2365,93.77,52.3262,61.73
2018-02-27,55.9145,94.2,52.8087,62.13
2018-02-26,57.1875,95.42,54.1019,63.15
2018-02-23,56.3395,94.06,52.9535,63.39
2018-02-22,55.3315,91.73,52.664,61.785
2018-02-21,55.567,91.49,52.6447,61.51
2018-02-20,55.123,92.72,53.0596,62.29
2018-02-16,54.74,92,54.3239,63.09
2018-02-15,54.476,92.66,54.0344,62.535
2018-02-14,53.485,90.81,52.9824,61.245
2018-02-13,52.605,89.83,52.9824,61.865
2018-02-12,52.597,89.13,53.4939,61.67
2018-02-09,51.889,88.18,52.9535,61.265
2018-02-08,50.076,85.01,52.8184,59.97
2018-02-07,52.429,89.61,53.9282,60.67
2018-02-06,54.03,91.33,53.5229,60.895
2018-02-05,52.79,88,54.43,61.735
2018-02-02,55.595,91.78,56.5146,62.795
2018-02-01,58.385,94.26,57.7692,63.3
2018-01-31,58.497,95.01,57.1805,64.325
2018-01-30,58.1845,92.74,58.5316,63.68
2018-01-29,58.779,93.92,59.4774,63.6
2018-01-26,58.792,94.06,59.8731,64.41
2018-01-25,58.5185,92.33,59.1589,64.405
2018-01-24,58.212,91.82,59.0431,63.47
2018-01-23,58.4985,91.9,59.5449,63.77
2018-01-22,57.7905,91.61,59.1106,63.205
2018-01-19,56.8755,90,59.1396,63.14
2018-01-18,56.4895,90.1,58.9948,63.27
2018-01-17,56.599,90.14,59.8634,63.705
2018-01-16,56.088,88.35,59.902,63.27
2018-01-12,56.113,89.6,56.6111,63.415
2018-01-11,55.276,88.08,55.5881,63.755
2018-01-10,55.1305,87.82,55.2986,63.955
2018-01-09,55.313,88.22,54.8161,64.765
2018-01-08,55.347,88.28,54.681,65.36
2018-01-05,55.1115,88.19,54.9994,64.835
2018-01-04,54.32,87.11,55.0573,64.835
2018-01-03,54.124,86.35,54.1791,65.395
2018-01-02,53.25,85.95,54.2563,65.92
2017-12-29,52.32,85.54,54.3046,66.435
2017-12-28,52.407,85.72,54.6231,66.405
2017-12-27,52.4685,85.71,54.3721,66.055
2017-12-26,52.837,85.4,54.3721,65.78
2017-12-22,53.006,85.51,54.3914,66.175
2017-12-21,53.1815,85.5,54.6231,66.07
2017-12-20,53.2475,85.52,54.1502,66.835
2017-12-19,53.534,85.83,54.266,67.315
2017-12-18,53.857,86.38,54.2563,68.76
2017-12-15,53.2095,86.85,54.2756,69.54
2017-12-14,52.4575,84.69,54.0537,69.23
2017-12-13,52.0305,85.35,54.9222,69.385
2017-12-12,52.024,85.58,55.0766,69.22
2017-12-11,52.055,85.23,54.3721,70.465
2017-12-08,51.8525,84.16,53.629,70.08
2017-12-07,51.5465,82.49,52.857,69.88
2017-12-06,50.919,82.78,52.4517,69.745
2017-12-05,50.2575,81.59,53.8221,69.48
2017-12-04,49.934,81.08,54.2563,70.38
2017-12-01,50.5085,84.26,53.9186,70.71
2017-11-30,51.0705,84.17,53.3395,71.01
2017-11-29,51.083,83.34,53.4264,70.65
2017-11-28,52.3705,84.88,53.0114,70.605
2017-11-27,52.7105,83.87,52.6447,70.315
2017-11-24,52.0305,83.26,52.4517,69.975
2017-11-22,51.798,83.11,52.471,69.87
2017-11-21,51.7245,83.72,52.3744,69.84
2017-11-20,50.919,82.53,52.2104,69.72
2017-11-17,50.9545,82.4,53.272,69.935
2017-11-16,51.625,83.2,53.243,70.36
2017-11-15,51.0455,82.98,52.8859,70.47
2017-11-14,51.3,84.05,53.0693,71.11
2017-11-13,51.2875,83.93,53.1755,70.235
2017-11-10,51.4035,83.87,53.5422,69.46
2017-11-09,51.563,84.09,54.2467,69.75
2017-11-08,51.9925,84.56,54.6038,69.675
2017-11-07,51.6665,84.27,53.6483,69.655
2017-11-06,51.295,84.47,53.9282,68.88
2017-11-03,51.624,84.14,54.1019,69.12
2017-11-02,51.279,84.05,53.436,68.96
2017-11-01,51.275,83.18,53.4071,68.645
2017-10-31,50.832,83.18,53.1658,69.105
2017-10-30,50.8555,83.89,52.7991,68.975
2017-10-27,50.9635,83.81,56.2058,69.01
2017-10-26,48.628,78.76,59.8248,68.585
2017-10-25,48.6665,78.63,60.2687,68.515
2017-10-24,48.527,78.86,60.9057,68.775
2017-10-23,48.4225,78.83,61.1856,68.77
2017-10-20,49.41,78.81,61.6488,68.765
2017-10-19,49.2225,77.91,61.5233,68.68
2017-10-18,49.6405,77.61,61.2917,68.035
2017-10-17,49.609,77.59,61.0118,68.085
2017-10-16,49.6,77.65,61.1276,67.71
2017-10-13,49.484,77.49,61.1759,67.835
2017-10-12,49.3915,77.12,61.6005,68.335
2017-10-11,49.4625,76.42,61.5523,67.98
2017-10-10,48.63,76.29,62.2085,67.7
2017-10-09,48.85,76.29,62.0831,67.05
2017-10-06,48.9445,76,62.2954,66.95
2017-10-05,48.498,75.97,62.3436,67.03
2017-10-04,47.584,74.69,62.3436,67.08
2017-10-03,47.8895,74.26,62.1217,66.465
2017-10-02,47.6635,74.61,62.2954,66.64
2017-09-29,47.9555,74.49,61.7935,66.455
2017-09-28,47.475,73.87,62.0445,66.63
2017-09-27,47.2245,73.85,62.3147,66.38
2017-09-26,46.243,73.26,62.498,67.19
2017-09-25,46.0485,73.26,62.9034,67.7
2017-09-22,46.4265,74.41,62.8551,67.17
2017-09-21,46.6225,74.21,63.3087,67.615
2017-09-20,46.579,74.94,63.4921,67.655
2017-09-19,46.0905,75.44,63.6465,68.205
2017-09-18,45.75,75.16,63.6851,68.345
2017-09-15,46.0145,75.31,63.8492,68.96
2017-09-14,46.2555,74.77,63.8105,68.885
2017-09-13,46.7545,75.21,63.1639,68.34
2017-09-12,46.6035,74.68,63.1736,68.665
2017-09-11,46.454,74.76,62.8551,69.86
2017-09-08,46.325,73.98,62.0252,69.25
2017-09-07,46.7975,74.34,62.0734,68.905
2017-09-06,46.3905,73.4,61.7646,68.38
2017-09-05,46.4225,73.61,61.3979,68.73
2017-09-01,46.867,73.94,61.6005,68.595
2017-08-31,46.9665,74.77,61.6295,68.73
2017-08-30,46.4785,74.01,60.9153,68.715
2017-08-29,46.0645,73.05,60.9153,68.99
2017-08-28,45.6905,72.83,61.1083,69.085
2017-08-25,45.7945,72.82,60.7416,68.97
2017-08-24,46.064,72.69,60.5197,68.79
2017-08-23,46.35,72.72,59.9792,68.82
2017-08-22,46.2345,73.16,60.2398,68.575
2017-08-21,45.333,72.15,59.8055,68.355
2017-08-18,45.5335,72.49,59.3423,68.155
2017-08-17,45.549,72.4,59.68,67.74
2017-08-16,46.348,73.65,60.51,68.275
2017-08-15,46.111,73.22,60.317,67.975
2017-08-14,46.1335,73.59,60.481,67.655
2017-08-11,45.7195,72.5,60.2012,67.26
2017-08-10,45.362,71.41,60.0082,67.65
2017-08-09,46.145,72.47,60.3073,67.455
2017-08-08,46.3395,72.79,60.1433,67.815
2017-08-07,46.468,72.4,60.6451,67.44
2017-08-04,46.398,72.68,60.896,67.405
2017-08-03,46.1825,72.15,61.3014,67.555
2017-08-02,46.5195,72.26,61.2242,67.27
2017-08-01,46.5415,72.58,61.6874,67.045
2017-07-31,46.525,72.7,61.6488,66.685
2017-07-28,47.0765,73.04,61.8708,66.46
2017-07-27,46.7045,73.16,61.4654,66.56
2017-07-26,47.39,74.05,59.6414,66.38
2017-07-25,47.535,74.19,60.1819,65.905
2017-07-24,49.017,73.6,60.3845,66.185
2017-07-21,48.646,73.79,60.4424,66.78
2017-07-20,48.4075,74.22,60.7416,66.26
2017-07-19,48.5445,73.86,60.4328,65.7
2017-07-18,48.27,73.3,60.2301,65.415
2017-07-17,47.671,73.35,60.4231,65.205
2017-07-14,47.7995,72.78,60.8574,65
2017-07-13,47.358,71.77,60.6934,64.62
2017-07-12,47.1915,71.15,60.5872,64.875
2017-07-11,46.5045,69.99,60.1626,64.345
2017-07-10,46.44,69.98,60.6355,64.33
2017-07-07,45.9295,69.46,60.9539,64.4951
2017-07-06,45.3345,68.57,60.896,64.405
2017-07-05,45.5855,69.08,61.919,64.465
2017-07-03,44.935,68.17,62.0252,64.755
2017-06-30,45.4365,68.93,61.8515,65.015
2017-06-29,45.8895,68.49,62.0927,65.155
2017-06-28,47.0245,69.8,62.8841,65.665
2017-06-27,46.3665,69.21,63.2508,66.235
2017-06-26,47.6135,70.53,63.6175,67.51
2017-06-23,48.2795,71.21,63.8492,66.985
2017-06-22,47.8545,70.26,63.714,67.24
2017-06-21,47.9725,70.27,63.1736,67.47
2017-06-20,47.5315,69.91,62.2761,67.975
2017-06-19,47.8685,70.87,61.4558,67.935
2017-06-16,46.989,70,60.7706,68.23
2017-06-15,47.1155,69.9,60.9829,67.94
2017-06-14,47.538,70.27,61.1566,67.545
2017-06-13,47.67,70.65,61.0601,67.135
2017-06-12,47.145,69.78,62.141,66.985
2017-06-09,47.4915,70.32,62.141,67.165
2017-06-08,49.1705,71.95,60.9925,67.1
2017-06-07,49.054,72.39,61.8225,67.605
2017-06-06,48.8285,72.52,62.4112,67.4
2017-06-05,49.184,72.28,62.7972,67.545
2017-06-02,48.78,71.76,63.1833,67.885
2017-06-01,48.3475,70.1,62.9806,67.72
2017-05-31,48.243,69.84,62.8358,67.275
2017-05-30,48.794,70.41,62.6139,66.935
2017-05-26,48.5735,69.96,62.6525,66.745
2017-05-25,48.477,69.62,62.7683,66.75
2017-05-24,47.748,68.77,62.6621,66.21
2017-05-23,47.441,68.68,62.2954,65.79
2017-05-22,47.093,68.45,61.8032,65.65
2017-05-19,46.7005,67.69,61.5523,65.075
2017-05-18,46.512,67.71,61.6584,64.845
2017-05-17,45.981,67.48,60.7995,64.635
2017-05-16,47.15,69.41,61.5619,64.395
2017-05-15,46.854,68.43,61.2917,64.925
2017-05-12,46.611,68.38,61.3496,64.69
2017-05-11,46.53,68.46,62.1796,64.39
2017-05-10,46.439,69.31,61.7067,64.289
2017-05-09,46.6085,69.04,61.0794,64.115
2017-05-08,46.715,68.94,61.7742,64.68
2017-05-05,46.3565,69,61.7356,64.72
2017-05-04,46.583,68.81,61.1663,64.28
2017-05-03,46.352,69.08,61.4075,64.08
2017-05-02,45.822,69.3,60.51,64.335
2017-05-01,45.6285,69.41,60.2012,64.295
2017-04-28,45.298,68.46,60.1529,64.63
2017-04-27,43.7125,68.27,60.3942,64.995
2017-04-26,43.5865,67.83,60.51,64.785
2017-04-25,43.615,67.92,60.124,64.93
2017-04-24,43.138,67.53,59.9696,64.995
2017-04-21,42.1595,66.4,59.7283,64.705
2017-04-20,42.0825,65.5,60.3652,64.315
2017-04-19,41.9105,65.04,60.4521,64.605
2017-04-18,41.841,65.39,60.095,65.075
2017-04-17,41.8585,65.48,60.6065,64.975
2017-04-13,41.178,64.95,60.4231,64.635
2017-04-12,41.216,65.23,60.8478,64.905
2017-04-11,41.1675,65.48,60.3942,64.485
2017-04-10,41.2365,65.53,60.3652,64.45
2017-04-07,41.2335,65.68,60.925,64.365
2017-04-06,41.394,65.73,61.0311,64.685
2017-04-05,41.5705,65.56,61.3496,64.745
2017-04-04,41.7285,65.73,61.4461,64.42
2017-04-03,41.9275,65.55,61.2531,64.2
2017-03-31,41.478,65.86,61.3207,64.21
2017-03-30,41.575,65.71,61.2338,64.02
2017-03-29,41.5705,65.47,61.4172,64.43
2017-03-28,41.046,65.29,61.1276,64.655
2017-03-27,40.9755,65.1,60.9829,64.6
2017-03-24,40.7215,64.98,60.9732,64.89
2017-03-23,40.879,64.87,61.0697,65.09
2017-03-22,41.4795,65.03,61.2821,65.24
2017-03-21,41.523,64.21,61.6777,65
2017-03-20,42.42,64.93,61.8708,64.1285
2017-03-17,42.606,64.87,61.6681,64.59
2017-03-16,42.439,64.64,61.9383,64.185
2017-03-15,42.36,64.75,62.4401,64.86
2017-03-14,42.281,64.41,61.9576,63.775
2017-03-13,42.277,64.71,61.9094,63.87
2017-03-10,42.1625,64.93,63.3087,63.705
2017-03-09,41.934,64.73,63.5886,63.17
2017-03-08,41.7685,64.99,63.5017,63.305
2017-03-07,41.5955,64.4,63.6561,64.285
2017-03-06,41.389,64.27,64.1483,64.31
2017-03-03,41.454,64.25,64.2545,64.5
2017-03-02,41.5315,64.01,63.7719,64.675
2017-03-01,41.762,64.94,63.8974,64.215
2017-02-28,41.1605,63.98,63.5693,64.725
2017-02-27,41.464,64.23,63.55,64.2
2017-02-24,41.432,64.62,63.8492,64.475
2017-02-23,41.5665,64.62,63.55,63.605
2017-02-22,41.538,64.36,63.0095,62.995
2017-02-21,41.583,64.49,63.1929,62.725
2017-02-17,41.4035,64.62,63.106,62.1
2017-02-16,41.208,64.52,62.9806,62.08
2017-02-15,40.949,64.53,62.8841,61.495
2017-02-14,41.0225,64.57,63.3666,61.67
2017-02-13,40.962,64.72,62.5077,62.115
2017-02-10,40.6835,64,61.9094,61.85
2017-02-09,40.478,64.06,62.141,61.43
2017-02-08,40.419,63.34,62.0734,61.89
2017-02-07,40.3485,63.43,61.9576,61.335
2017-02-06,40.067,63.64,62.6718,61.235
2017-02-03,40.0745,63.68,62.0445,61.39
2017-02-02,39.9265,63.17,61.9383,61.21
2017-02-01,39.7848,63.58,59.931,60.605
2017-01-31,39.8395,64.65,59.8248,61.685
2017-01-30,40.116,65.13,59.2844,60.675
2017-01-27,41.1655,65.78,59.5932,60.72
2017-01-26,41.6075,64.27,59.0624,60.76
2017-01-25,41.7835,63.68,58.9466,60.715
2017-01-24,41.1935,63.52,59.072,60.73
2017-01-23,40.9655,62.96,59.6511,60.71
2017-01-20,40.251,62.74,60.3459,60.97
2017-01-19,40.1088,62.3,58.2228,60.9
2017-01-18,40.3035,62.5,59.0334,61.45
2017-01-17,40.2305,62.53,59.3326,61.535
2017-01-13,40.394,62.7,60.1626,60.85
2017-01-12,40.318,62.61,60.0371,60.965
2017-01-11,40.3955,63.19,59.4774,60.865
2017-01-10,40.2395,62.62,57.8271,60.26
2017-01-09,40.3325,62.64,58.9659,60.385
2017-01-06,40.3075,62.84,58.1649,61.245
2017-01-05,39.701,62.3,58.0105,61.03
2017-01-04,39.345,62.3,58.0298,60.99
2017-01-03,39.307,62.58,58.0491,60.72
2016-12-30,38.591,62.14,56.8138,60.915
2016-12-29,39.1395,62.9,56.9778,61.26
2016-12-28,39.2525,62.99,57.1998,60.485
2016-12-27,39.5775,63.28,57.7016,61.08
2016-12-23,39.4955,63.24,57.4797,61
2016-12-22,39.563,63.55,57.499,61.04
2016-12-21,39.728,63.54,57.3542,60.835
2016-12-20,39.821,63.54,58.3868,61.62
2016-12-19,39.71,63.62,59.0045,61.56
2016-12-16,39.54,62.3,60.2591,61.345
2016-12-15,39.8925,62.58,60.1915,60.61
2016-12-14,39.8535,62.68,59.6414,60.21
2016-12-13,39.805,62.98,59.6318,61.445
2016-12-12,39.4635,62.17,59.5642,60.88
2016-12-09,39.4645,61.97,59.0913,60.3
2016-12-08,38.821,61.01,58.0201,59.74
2016-12-07,38.5595,61.37,57.9622,59.545
2016-12-06,37.9555,59.95,58.1745,58.73
2016-12-05,38.126,60.22,58.1456,58.825
2016-12-02,37.525,59.25,58.9948,58.72
2016-12-01,37.396,59.2,58.6378,58.25
2016-11-30,37.902,60.26,59.0527,58.725
2016-11-29,38.542,61.09,60.0178,60.65
2016-11-28,38.412,60.61,59.6414,60.435
2016-11-25,38.084,60.53,60.0371,59.285
2016-11-23,38.0495,60.4,59.487,58.495
2016-11-22,38.4135,61.12,59.5449,59.055
2016-11-21,38.46,60.86,60.124,58.8
2016-11-18,38.027,60.35,59.709,58.13
2016-11-17,38.5615,60.64,60.51,58.29
2016-11-16,38.224,59.65,60.4424,58.3
2016-11-15,37.9245,58.87,61.4268,58.675
2016-11-14,36.804,58.12,61.311,57.78
2016-11-11,37.701,59.02,61.7163,57.75
2016-11-10,38.128,58.7,62.6911,57.905
2016-11-09,39.2655,60.17,61.9383,59.35
2016-11-08,39.5255,60.47,58.3965,61.385
2016-11-07,39.126,60.42,57.9526,60.935
2016-11-04,38.101,58.71,56.7655,59.81
2016-11-03,38.1065,59.21,56.3891,60.02
2016-11-02,38.435,59.43,56.7848,59.87
2016-11-01,39.1805,59.8,57.2288,60.63
2016-10-31,39.227,59.92,56.669,61.785
2016-10-28,39.7685,59.87,56.7848,60.585
2016-10-27,39.7675,60.1,59.1493,60.365
2016-10-26,39.9535,60.63,58.7439,60.69
2016-10-25,40.3835,60.99,59.7862,60.565
2016-10-24,40.6555,61,58.6281,60.245
2016-10-21,39.9685,59.66,59.0624,60.005
2016-10-20,39.8485,57.25,59.7572,60.355
2016-10-19,40.078,57.53,59.709,60.39
2016-10-18,39.763,57.66,59.9213,60.51
2016-10-17,38.998,57.22,59.3712,60.03
2016-10-14,38.9265,57.42,59.9696,59.74
2016-10-13,38.9095,56.92,60.3266,60.01
2016-10-12,39.307,57.11,59.5063,59.28
2016-10-11,39.1535,57.19,59.7669,58.705
2016-10-10,39.297,58.04,61.6681,59.395
2016-10-07,38.754,57.8,60.5776,58.905
2016-10-06,38.843,57.74,60.4714,58.975
2016-10-05,38.8235,57.64,60.6065,58.98
2016-10-04,38.8215,57.24,60.2784,59.145
2016-10-03,38.628,57.42,60.3363,60.44
2016-09-30,38.8645,57.6,60.2301,61.285
2016-09-29,38.7505,57.4,59.7476,61.7
2016-09-28,39.078,58.03,61.089,62.59
2016-09-27,39.1505,57.95,60.3845,62.705
2016-09-26,38.7105,56.9,59.9792,63.475
2016-09-23,39.345,57.43,60.7609,64.065
2016-09-22,39.3605,57.82,60.8188,64.215
2016-09-21,38.811,57.76,60.51,63.8
2016-09-20,38.5705,56.81,59.7765,62.495
2016-09-19,38.285,56.93,59.1879,62.58
2016-09-16,38.444,57.25,60.1047,61.94
2016-09-15,38.588,57.19,60.2012,61.39
2016-09-14,38.1245,56.26,59.2072,60.91
2016-09-13,37.9845,56.53,59.6511,60.71
2016-09-12,38.451,57.05,60.9829,61.57
2016-09-09,37.983,56.21,60.3073,60.545
2016-09-08,38.766,57.43,61.0311,62.86
2016-09-07,39.0175,57.66,60.6741,62.635
2016-09-06,39.004,57.61,61.0311,62.565
2016-09-02,38.573,57.67,60.7802,61.9
2016-09-01,38.439,57.59,60.703,61.15
2016-08-31,38.3525,57.46,60.5969,61.395
2016-08-30,38.4545,57.89,60.5197,61.23
2016-08-29,38.6075,58.1,60.8092,61.84
2016-08-26,38.477,58.03,60.6548,61.36
2016-08-25,38.4705,58.17,60.1433,62.57
2016-08-24,38.482,57.95,60.539,62.595
2016-08-23,38.604,57.89,61.3593,62.585
2016-08-22,38.6075,57.67,61.3303,62.84
2016-08-19,38.771,57.62,61.1469,62.645
2016-08-18,38.875,57.6,61.4075,63.375
2016-08-17,38.9955,57.56,61.0794,62.605
2016-08-16,38.857,57.44,60.8381,61.77
2016-08-15,39.122,58.12,61.1083,62.53
2016-08-12,39.161,57.94,61.1373,63.455
2016-08-11,39.2425,58.3,61.4075,63.4
2016-08-10,39.234,58.02,60.4521,63.275
2016-08-09,39.213,58.2,60.3073,63.235
2016-08-08,39.088,58.06,60.6644,63.315
2016-08-05,39.111,57.96,61.6295,63.335
2016-08-04,38.5805,57.39,55.8198,64.185
2016-08-03,38.659,56.97,55.6364,64.28
2016-08-02,38.5535,56.58,56.2926,64.595
2016-08-01,38.644,56.58,56.6111,64.97
2016-07-29,38.4395,56.68,56.6111,65.005
2016-07-28,37.2955,56.21,56.3891,64.645
2016-07-27,37.0885,56.19,56.5532,64.39
2016-07-26,36.921,56.76,56.3216,65.185
2016-07-25,36.9885,56.73,56.5146,65.655
2016-07-22,37.137,56.57,56.7655,65.79
2016-07-21,36.9315,55.8,56.7366,64.95
2016-07-20,37.0595,55.91,56.7366,64.625
2016-07-19,36.848,53.09,56.6111,64.94
2016-07-18,36.689,53.96,56.9585,65.085
2016-07-15,35.9925,53.7,57.5472,64.945
2016-07-14,36.0475,53.74,57.5665,64.76
2016-07-13,35.849,53.51,57.47,65.21
2016-07-12,36.032,53.21,57.5183,64.73
2016-07-11,35.7545,52.59,57.2674,65.56
2016-07-08,35.2815,52.3,57.277,65.58
2016-07-07,34.768,51.38,56.7269,64.965
2016-07-06,34.8885,51.38,57.0936,66.155
2016-07-05,34.7245,51.17,55.9742,65.94
2016-07-01,34.9605,51.16,55.9163,65.56
2016-06-30,34.605,51.17,55.5978,65.635
2016-06-29,34.2055,50.54,55.0573,64.27
2016-06-28,34.002,49.44,53.6387,64.04
2016-06-27,33.413,48.43,53.3781,63.8
2016-06-24,33.761,49.83,53.9282,63.06
2016-06-23,35.0935,51.91,55.6653,62.965
2016-06-22,34.873,50.99,55.0477,62.785
2016-06-21,34.797,51.19,54.2853,63.065
2016-06-20,34.6855,50.07,54.1791,63.42
2016-06-17,34.586,50.13,53.9379,63.645
2016-06-16,35.518,50.39,55.4916,63.43
2016-06-15,35.946,49.69,54.1309,63.06
2016-06-14,35.9135,49.83,54.2853,63.5
2016-06-13,35.918,50.14,54.1502,63.205
2016-06-10,35.9705,51.48,54.8257,63.29
2016-06-09,36.429,51.62,55.1828,63.565
2016-06-08,36.414,52.04,55.6074,62.985
2016-06-07,35.8325,52.1,55.0091,62.59
2016-06-06,35.8275,52.13,55.1732,62.59
2016-06-03,36.117,51.79,54.6617,62.68
2016-06-02,36.52,52.48,54.8354,61.72
2016-06-01,36.7075,52.85,54.3625,61.705
2016-05-31,36.786,53,54.2949,61.49
2016-05-27,36.633,52.32,54.5073,61.15
2016-05-26,36.206,51.89,54.4204,60.985
2016-05-25,36.2635,52.12,54.5941,60.345
2016-05-24,36.0045,51.59,53.658,60.54
2016-05-23,35.212,50.03,53.0017,59.885
2016-05-20,35.487,50.62,53.1851,60.395
2016-05-19,35.016,50.32,52.6736,60.23
2016-05-18,35.3315,50.81,52.7605,59.705
2016-05-17,35.3115,50.51,52.4227,60.76
2016-05-16,35.8245,51.83,52.7412,61.855
2016-05-13,35.5415,51.08,51.9981,61.735
2016-05-12,35.6655,51.51,52.2297,61.99
2016-05-11,35.7645,51.05,52.413,61.695
2016-05-10,36.159,51.02,52.7701,61.54
2016-05-09,35.645,50.07,52.2104,61.43
2016-05-06,35.556,50.39,51.7278,61.095
2016-05-05,35.0715,49.94,52.2007,61.425
2016-05-04,34.785,49.87,52.8956,61.66
2016-05-03,34.618,49.78,53.1562,60.96
2016-05-02,34.9105,50.61,53.3685,60.965
2016-04-29,34.6505,49.87,52.9245,60.54
2016-04-28,34.551,49.9,53.7931,60.205
2016-04-27,35.292,50.94,54.3432,60.2
2016-04-26,35.407,51.44,54.0826,59.435
2016-04-25,36.1575,52.11,54.2563,59.29
2016-04-22,35.9385,51.78,54.7582,59.215
2016-04-21,37.957,55.78,54.6231,58.655
2016-04-20,37.6335,55.59,54.6038,59.96
2016-04-19,37.6965,56.39,54.874,61.43
2016-04-18,38.3305,56.46,54.5362,61.255
2016-04-15,37.95,55.65,54.1791,61.08
2016-04-14,37.66,55.36,54.4783,60.67
2016-04-13,37.586,55.35,54.0054,60.765
2016-04-12,37.1545,54.65,53.4071,61.145
2016-04-11,36.805,54.31,53.1272,60.72
2016-04-08,36.9575,54.42,53.4264,60.965
2016-04-07,37.014,54.46,53.4843,60.66
2016-04-06,37.2845,55.12,53.6869,60.64
2016-04-05,36.89,54.56,52.3455,60.695
2016-04-04,37.2645,55.43,52.4999,61.84
2016-04-01,37.4955,55.57,51.8244,62.145
2016-03-31,37.2475,55.23,51.0619,61.84
2016-03-30,37.5265,55.05,51.3611,61.56
2016-03-29,37.2385,54.71,51.4576,61.715
2016-03-28,36.6765,53.54,50.9847,60.76
2016-03-24,36.765,54.21,51.2164,60.925
2016-03-23,36.903,53.97,51.226,60.695
2016-03-22,37.0375,54.07,51.1778,60.8
2016-03-21,37.1045,53.86,50.9558,60.98
2016-03-18,36.88,53.49,50.425,61.06
2016-03-17,36.889,54.66,49.7301,61.465
2016-03-16,36.8045,54.35,50.1258,60.815
2016-03-15,36.4165,53.59,50.5891,60.215
2016-03-14,36.5245,53.17,51.226,60.085
2016-03-11,36.341,53.07,51.3418,60.05
2016-03-10,35.641,52.05,51.1874,59.95
2016-03-09,35.262,52.84,50.5312,59.865
2016-03-08,34.6985,51.65,50.618,59.555
2016-03-07,34.758,51.03,50.8014,59.03
2016-03-04,35.5445,52.03,50.2609,58.725
2016-03-03,35.621,52.35,50.2802,58.095
2016-03-02,35.9425,52.95,50.4443,57.75
2016-03-01,35.9405,52.58,49.9425,57.34
2016-02-29,34.8885,50.88,48.4563,57.58
2016-02-26,35.2535,51.3,48.8712,57.44
2016-02-25,35.2875,52.1,49.2187,59
2016-02-24,34.978,51.36,48.794,58.465
2016-02-23,34.7925,51.18,48.7747,58.16
2016-02-22,35.323,52.65,48.9967,58.135
2016-02-19,35.0455,51.82,48.3694,57.53
2016-02-18,34.8675,52.19,48.5624,57.885
2016-02-17,35.42,52.42,48.8326,57.005
2016-02-16,34.55,51.09,48.0413,57.155
2016-02-12,34.12,50.5,47.3175,56.795
2016-02-11,34.1555,49.69,47.1438,56.987
2016-02-10,34.206,49.71,47.8,57.96
2016-02-09,33.9055,49.28,47.4429,58
2016-02-08,34.137,49.41,47.1245,57.7575
2016-02-05,34.1785,50.16,47.6552,57.94
2016-02-04,35.4005,52,46.8928,57.815
2016-02-03,36.3475,52.16,48.3018,58.11
2016-02-02,38.2325,53,48.6493,57.385
2016-02-01,37.6,54.71,48.9774,57.165
2016-01-29,37.1475,55.09,48.9002,56.59
2016-01-28,36.548,52.055,47.4815,55.425
2016-01-27,34.9995,51.22,48.6107,54.525
2016-01-26,35.652,52.17,49.6529,54.415
2016-01-25,35.5835,51.79,49.1415,53.965
2016-01-22,36.2625,52.29,49.5564,54.535
2016-01-21,35.3295,50.48,49.1415,53.505
2016-01-20,34.9225,50.79,48.7844,53.54
2016-01-19,35.0895,50.56,49.5468,54.705
2016-01-15,34.7225,50.99,49.3538,53.915
2016-01-14,35.736,53.11,49.9907,54.49
2016-01-13,35.028,51.64,48.8905,53.635
2016-01-12,36.3035,52.78,49.9521,53.685
2016-01-11,35.8015,52.3,49.4599,53.995
2016-01-08,35.7235,52.33,49.2959,53.665
2016-01-07,36.3195,52.17,50.1451,53.68
2016-01-06,37.181,54.05,50.5891,54.095
2016-01-05,37.129,55.05,51.2936,54.175
2016-01-04,37.092,54.8,50.647,53.775
